iana_name,standard_abbr,iana_group_abbr,iana_group,windows_id,windows_name,windows_display,windows_group_id,windows_group_name,windows_group_display,closest_windows_display
Asia/Manila,PT,PT,Asia/Manila,2020,Singapore Standard Time,"(UTC+08:00) Kuala Lumpur, Singapore",2020,Singapore Standard Time,"(UTC+08:00) Kuala Lumpur, Singapore","(UTC+08:00) Kuala Lumpur, Singapore"
Asia/Kolkata,IST,IST,Asia/Kolkata,NA,India Standard Time,"(UTC+05:30) Chennai, Kolkata, Mumbai, New Delhi",NA,India Standard Time,"(UTC+05:30) Chennai, Kolkata, Mumbai, New Delhi","(UTC+05:30) Chennai, Kolkata, Mumbai, New Delhi"
Europe/Moscow,MSK,MSK,Europe/Moscow,1540,Russian Standard Time,"(UTC+04:00) Moscow, St. Petersburg, Volgograd",1540,Russian Standard Time,"(UTC+04:00) Moscow, St. Petersburg, Volgograd","(UTC+04:00) Moscow, St. Petersburg, Volgograd"
Africa/Lagos,WAT,WAT,Africa/Lagos,1330,W. Central Africa Standard Time,(UTC+01:00) West Central Africa,1330,W. Central Africa Standard Time,(UTC+01:00) West Central Africa,(UTC+01:00) West Central Africa
Asia/Jakarta,WIB,WIB,Asia/Jakarta,1910,SE Asia Standard Time,"(UTC+07:00) Bangkok, Hanoi, Jakarta",1910,SE Asia Standard Time,"(UTC+07:00) Bangkok, Hanoi, Jakarta","(UTC+07:00) Bangkok, Hanoi, Jakarta"
Europe/Paris,CET,CET,Europe/Paris,1320,Romance Standard Time,"(UTC+01:00) Brussels, Copenhagen, Madrid, Paris",1320,Romance Standard Time,"(UTC+01:00) Brussels, Copenhagen, Madrid, Paris","(UTC+01:00) Brussels, Copenhagen, Madrid, Paris"
Asia/Karachi,PKT,PKT,Asia/Karachi,1750,Pakistan Standard Time,"(UTC+05:00) Islamabad, Karachi",1750,Pakistan Standard Time,"(UTC+05:00) Islamabad, Karachi","(UTC+05:00) Islamabad, Karachi"
Africa/Johannesburg,SAST,SAST,Africa/Johannesburg,1470,South Africa Standard Time,"(UTC+02:00) Harare, Pretoria",1470,South Africa Standard Time,"(UTC+02:00) Harare, Pretoria","(UTC+02:00) Harare, Pretoria"
America/Sao_Paulo,-03,-03,America/Sao_Paulo,910,E. South America Standard Time,(UTC-03:00) Brasilia,910,E. South America Standard Time,(UTC-03:00) Brasilia,(UTC-03:00) Brasilia
Asia/Tokyo,JST,JST,Asia/Tokyo,2110,Tokyo Standard Time,"(UTC+09:00) Osaka, Sapporo, Tokyo",2110,Tokyo Standard Time,"(UTC+09:00) Osaka, Sapporo, Tokyo","(UTC+09:00) Osaka, Sapporo, Tokyo"
Asia/Dhaka,+06,+06,Asia/Dhaka,1830,Bangladesh Standard Time,(UTC+06:00) Dhaka,1830,Bangladesh Standard Time,(UTC+06:00) Dhaka,(UTC+06:00) Dhaka
America/New_York,ET,ET,America/New_York,700,Eastern Standard Time,(UTC-05:00) Eastern Time (US and Canada),700,Eastern Standard Time,(UTC-05:00) Eastern Time (US and Canada),(UTC-05:00) Eastern Time (US and Canada)
Africa/Abidjan,GMT,GMT,Africa/Abidjan,1210,Greenwich Standard Time,"(UTC) Monrovia, Reykjavik",1210,Greenwich Standard Time,"(UTC) Monrovia, Reykjavik","(UTC) Monrovia, Reykjavik"
America/Mexico_City,CT,CT,America/Mexico_City,630,Central Standard Time (Mexico),"((UTC-06:00) Guadalajara, Mexico City, Monterrey",630,Central Standard Time (Mexico),"((UTC-06:00) Guadalajara, Mexico City, Monterrey","((UTC-06:00) Guadalajara, Mexico City, Monterrey"
America/Lima,-05,-05,America/Lima,710,SA Pacific Standard Time,"(UTC-05:00) Bogota, Lima, Quito",710,SA Pacific Standard Time,"(UTC-05:00) Bogota, Lima, Quito","(UTC-05:00) Bogota, Lima, Quito"
Africa/Cairo,EET,EET,Africa/Cairo,1410,Egypt Standard Time,(UTC+02:00) Cairo,1410,Egypt Standard Time,(UTC+02:00) Cairo,(UTC+02:00) Cairo
America/Chicago,CT,CT,America/Chicago,620,Central Standard Time,(UTC-06:00) Central Time (US and Canada),620,Central Standard Time,(UTC-06:00) Central Time (US and Canada),(UTC-06:00) Central Time (US and Canada)
Asia/Tehran,+0330,+0330,Asia/Tehran,1550,Iran Standard Time,(UTC+03:30) Tehran,1550,Iran Standard Time,(UTC+03:30) Tehran,(UTC+03:30) Tehran
Europe/Athens,EET,EET,Europe/Athens,1430,GTB Standard Time,"(UTC+02:00) Athens, Bucharest",1430,GTB Standard Time,"(UTC+02:00) Athens, Bucharest","(UTC+02:00) Athens, Bucharest"
America/Caracas,-04,-04,America/Caracas,840,Venezuela Standard Time,(UTC-04:30) Caracas,840,Venezuela Standard Time,(UTC-04:30) Caracas,(UTC-04:30) Caracas
Europe/London,GMT,GMT,Europe/London,1200,GMT Standard Time,"(UTC) Dublin, Edinburgh, Lisbon, London",1200,GMT Standard Time,"(UTC) Dublin, Edinburgh, Lisbon, London","(UTC) Dublin, Edinburgh, Lisbon, London"
America/Los_Angeles,PT,PT,America/Los_Angeles,400,Pacific Standard Time,(UTC-08:00) Pacific Time (US and Canada),400,Pacific Standard Time,(UTC-08:00) Pacific Time (US and Canada),(UTC-08:00) Pacific Time (US and Canada)
Asia/Yangon,+0630,+0630,Asia/Yangon,NA,Myanmar Standard Time,(UTC+06:30) Yangon (Rangoon),NA,Myanmar Standard Time,(UTC+06:30) Yangon (Rangoon),(UTC+06:30) Yangon (Rangoon)
Asia/Kabul,+0430,+0430,Asia/Kabul,1630,Afghanistan Standard Time,(UTC+04:30) Kabul,1630,Afghanistan Standard Time,(UTC+04:30) Kabul,(UTC+04:30) Kabul
Asia/Dubai,+04,+04,Asia/Dubai,1600,Arabian Standard Time,"(UTC+04:00) Abu Dhabi, Muscat",1600,Arabian Standard Time,"(UTC+04:00) Abu Dhabi, Muscat","(UTC+04:00) Abu Dhabi, Muscat"
Africa/Casablanca,+01,+01,Africa/Casablanca,1220,Morocco Standard Time,(UTC) Casablanca,1220,Morocco Standard Time,(UTC) Casablanca,(UTC) Casablanca
Asia/Kathmandu,+0545,+0545,Asia/Kathmandu,NA,Nepal Standard Time,(UTC+05:45) Kathmandu,NA,Nepal Standard Time,(UTC+05:45) Kathmandu,(UTC+05:45) Kathmandu
America/Denver,MT,MT,America/Denver,500,Mountain Standard Time,(UTC-07:00) Mountain Time (US and Canada),500,Mountain Standard Time,(UTC-07:00) Mountain Time (US and Canada),(UTC-07:00) Mountain Time (US and Canada)
America/Santiago,-03,-03,America/Santiago,820,Pacific SA Standard Time,(UTC-04:00) Santiago,820,Pacific SA Standard Time,(UTC-04:00) Santiago,(UTC-04:00) Santiago
Australia/Brisbane,AEST,AEST,Australia/Brisbane,2210,E. Australia Standard Time,(UTC+10:00) Brisbane,2210,E. Australia Standard Time,(UTC+10:00) Brisbane,(UTC+10:00) Brisbane
America/Phoenix,MT,MT,America/Phoenix,520,US Mountain Standard Time,(UTC-07:00) Arizona,520,US Mountain Standard Time,(UTC-07:00) Arizona,(UTC-07:00) Arizona
Australia/Sydney,AEST,AEST,Australia/Sydney,2200,AUS Eastern Standard Time,"(UTC+10:00) Canberra, Melbourne, Sydney",2200,AUS Eastern Standard Time,"(UTC+10:00) Canberra, Melbourne, Sydney","(UTC+10:00) Canberra, Melbourne, Sydney"
Europe/Lisbon,WET,GMT,Europe/London,1200,GMT Standard Time,"(UTC) Dublin, Edinburgh, Lisbon, London",1200,GMT Standard Time,"(UTC) Dublin, Edinburgh, Lisbon, London","(UTC) Dublin, Edinburgh, Lisbon, London"
Asia/Jerusalem,IST,EET,Europe/Athens,1440,Israel Standard Time,(UTC+02:00) Jerusalem,1430,GTB Standard Time,"(UTC+02:00) Athens, Bucharest",(UTC+02:00) Jerusalem
America/Havana,CT,ET,America/New_York,NA,NA,NA,700,Eastern Standard Time,(UTC-05:00) Eastern Time (US and Canada),(UTC-05:00) Eastern Time (US and Canada)
America/Asuncion,-03,-03,America/Asuncion,850,Paraguay Standard Time,(UTC-04:00) Asuncion,850,Paraguay Standard Time,(UTC-04:00) Asuncion,(UTC-04:00) Asuncion
Pacific/Auckland,NZST,NZST,Pacific/Auckland,2410,New Zealand Standard Time,"(UTC+12:00) Auckland, Wellington",2410,New Zealand Standard Time,"(UTC+12:00) Auckland, Wellington","(UTC+12:00) Auckland, Wellington"
Asia/Gaza,EET,EET,Africa/Cairo,NA,NA,NA,1410,Egypt Standard Time,(UTC+02:00) Cairo,(UTC+02:00) Cairo
Europe/Dublin,GMT,GMT,Europe/London,1200,GMT Standard Time,"(UTC) Dublin, Edinburgh, Lisbon, London",1200,GMT Standard Time,"(UTC) Dublin, Edinburgh, Lisbon, London","(UTC) Dublin, Edinburgh, Lisbon, London"
Asia/Beirut,EET,EET,Europe/Athens,1460,Middle East Standard Time,(UTC+02:00) Beirut,1430,GTB Standard Time,"(UTC+02:00) Athens, Bucharest",(UTC+02:00) Beirut
Europe/Chisinau,EET,EET,Europe/Athens,1400,E. Europe Standard Time,(UTC+02:00) Minsk,1430,GTB Standard Time,"(UTC+02:00) Athens, Bucharest",(UTC+02:00) Minsk
Asia/Sakhalin,+11,+11,Asia/Magadan,NA,NA,NA,2310,Magadan Standard Time,(UTC+12:00) Magadan,(UTC+12:00) Magadan
America/Halifax,AST,AST,America/Halifax,800,Atlantic Standard Time,(UTC-04:00) Atlantic Time (Canada),800,Atlantic Standard Time,(UTC-04:00) Atlantic Time (Canada),(UTC-04:00) Atlantic Time (Canada)
Pacific/Honolulu,HST,HST,Pacific/Honolulu,200,Hawaiian Standard Time,(UTC-10:00) Hawaii,200,Hawaiian Standard Time,(UTC-10:00) Hawaii,(UTC-10:00) Hawaii
Australia/Adelaide,ACST,ACST,Australia/Adelaide,2140,Cen. Australia Standard Time,(UTC+09:30) Adelaide,2140,Cen. Australia Standard Time,(UTC+09:30) Adelaide,(UTC+09:30) Adelaide
Pacific/Fiji,+12,+12,Pacific/Fiji,2400,Fiji Standard Time,(UTC+12:00) Fiji,2400,Fiji Standard Time,(UTC+12:00) Fiji,(UTC+12:00) Fiji
America/Anchorage,AKST,AKST,America/Anchorage,300,Alaskan Standard Time,(UTC-09:00) Alaska,300,Alaskan Standard Time,(UTC-09:00) Alaska,(UTC-09:00) Alaska
Atlantic/Cape_Verde,-01,-01,Atlantic/Cape_Verde,NA,Cabo Verde Standard Time,(UTC-01:00) Cabo Verde Is.,NA,Cabo Verde Standard Time,(UTC-01:00) Cabo Verde Is.,(UTC-01:00) Cabo Verde Is.
America/St_Johns,NST,NST,America/St_Johns,900,Newfoundland Standard Time,(UTC-03:30) Newfoundland,900,Newfoundland Standard Time,(UTC-03:30) Newfoundland,(UTC-03:30) Newfoundland
Pacific/Tongatapu,+13,+13,Pacific/Tongatapu,2500,Tonga Standard Time,(UTC+13:00) Nuku'alofa,2500,Tonga Standard Time,(UTC+13:00) Nuku'alofa,(UTC+13:00) Nuku'alofa
Australia/Darwin,ACST,ACST,Australia/Darwin,2130,AUS Central Standard Time,(UTC+09:30) Darwin,2130,AUS Central Standard Time,(UTC+09:30) Darwin,(UTC+09:30) Darwin
Atlantic/Azores,-01,-01,Atlantic/Azores,1100,Azores Standard Time,(UTC-01:00) Azores,1100,Azores Standard Time,(UTC-01:00) Azores,(UTC-01:00) Azores
America/Scoresbysund,-01,-01,Atlantic/Azores,1100,Azores Standard Time,(UTC-01:00) Azores,1100,Azores Standard Time,(UTC-01:00) Azores,(UTC-01:00) Azores
Etc/UTC,UTC,GMT,Africa/Abidjan,1230,UTC,(UTC) Coordinated Universal Time,1210,Greenwich Standard Time,"(UTC) Monrovia, Reykjavik",(UTC) Coordinated Universal Time
Africa/Accra,GMT,GMT,Africa/Abidjan,1210,Greenwich Standard Time,"(UTC) Monrovia, Reykjavik",1210,Greenwich Standard Time,"(UTC) Monrovia, Reykjavik","(UTC) Monrovia, Reykjavik"
Africa/Addis_Ababa,EAT,MSK,Europe/Moscow,1520,E. Africa Standard Time,(UTC+03:00) Nairobi,1540,Russian Standard Time,"(UTC+04:00) Moscow, St. Petersburg, Volgograd",(UTC+03:00) Nairobi
Africa/Algiers,CET,WAT,Africa/Lagos,1330,W. Central Africa Standard Time,(UTC+01:00) West Central Africa,1330,W. Central Africa Standard Time,(UTC+01:00) West Central Africa,(UTC+01:00) West Central Africa
Africa/Asmara,EAT,MSK,Europe/Moscow,NA,NA,NA,1540,Russian Standard Time,"(UTC+04:00) Moscow, St. Petersburg, Volgograd","(UTC+04:00) Moscow, St. Petersburg, Volgograd"
Africa/Asmera,EAT,MSK,Europe/Moscow,1520,E. Africa Standard Time,(UTC+03:00) Nairobi,1540,Russian Standard Time,"(UTC+04:00) Moscow, St. Petersburg, Volgograd",(UTC+03:00) Nairobi
Africa/Bamako,GMT,GMT,Africa/Abidjan,1210,Greenwich Standard Time,"(UTC) Monrovia, Reykjavik",1210,Greenwich Standard Time,"(UTC) Monrovia, Reykjavik","(UTC) Monrovia, Reykjavik"
Africa/Bangui,WAT,WAT,Africa/Lagos,1330,W. Central Africa Standard Time,(UTC+01:00) West Central Africa,1330,W. Central Africa Standard Time,(UTC+01:00) West Central Africa,(UTC+01:00) West Central Africa
Africa/Banjul,GMT,GMT,Africa/Abidjan,1210,Greenwich Standard Time,"(UTC) Monrovia, Reykjavik",1210,Greenwich Standard Time,"(UTC) Monrovia, Reykjavik","(UTC) Monrovia, Reykjavik"
Africa/Bissau,GMT,GMT,Africa/Abidjan,1210,Greenwich Standard Time,"(UTC) Monrovia, Reykjavik",1210,Greenwich Standard Time,"(UTC) Monrovia, Reykjavik","(UTC) Monrovia, Reykjavik"
Africa/Blantyre,CAT,SAST,Africa/Johannesburg,1470,South Africa Standard Time,"(UTC+02:00) Harare, Pretoria",1470,South Africa Standard Time,"(UTC+02:00) Harare, Pretoria","(UTC+02:00) Harare, Pretoria"
Africa/Brazzaville,WAT,WAT,Africa/Lagos,1330,W. Central Africa Standard Time,(UTC+01:00) West Central Africa,1330,W. Central Africa Standard Time,(UTC+01:00) West Central Africa,(UTC+01:00) West Central Africa
Africa/Bujumbura,CAT,SAST,Africa/Johannesburg,1470,South Africa Standard Time,"(UTC+02:00) Harare, Pretoria",1470,South Africa Standard Time,"(UTC+02:00) Harare, Pretoria","(UTC+02:00) Harare, Pretoria"
Africa/Ceuta,CET,CET,Europe/Paris,1320,Romance Standard Time,"(UTC+01:00) Brussels, Copenhagen, Madrid, Paris",1320,Romance Standard Time,"(UTC+01:00) Brussels, Copenhagen, Madrid, Paris","(UTC+01:00) Brussels, Copenhagen, Madrid, Paris"
Africa/Conakry,GMT,GMT,Africa/Abidjan,1210,Greenwich Standard Time,"(UTC) Monrovia, Reykjavik",1210,Greenwich Standard Time,"(UTC) Monrovia, Reykjavik","(UTC) Monrovia, Reykjavik"
Africa/Dakar,GMT,GMT,Africa/Abidjan,1210,Greenwich Standard Time,"(UTC) Monrovia, Reykjavik",1210,Greenwich Standard Time,"(UTC) Monrovia, Reykjavik","(UTC) Monrovia, Reykjavik"
Africa/Dar_es_Salaam,EAT,MSK,Europe/Moscow,1520,E. Africa Standard Time,(UTC+03:00) Nairobi,1540,Russian Standard Time,"(UTC+04:00) Moscow, St. Petersburg, Volgograd",(UTC+03:00) Nairobi
Africa/Djibouti,EAT,MSK,Europe/Moscow,1520,E. Africa Standard Time,(UTC+03:00) Nairobi,1540,Russian Standard Time,"(UTC+04:00) Moscow, St. Petersburg, Volgograd",(UTC+03:00) Nairobi
Africa/Douala,WAT,WAT,Africa/Lagos,1330,W. Central Africa Standard Time,(UTC+01:00) West Central Africa,1330,W. Central Africa Standard Time,(UTC+01:00) West Central Africa,(UTC+01:00) West Central Africa
Africa/El_Aaiun,+01,+01,Africa/Casablanca,1220,Morocco Standard Time,(UTC) Casablanca,1220,Morocco Standard Time,(UTC) Casablanca,(UTC) Casablanca
Africa/Freetown,GMT,GMT,Africa/Abidjan,1210,Greenwich Standard Time,"(UTC) Monrovia, Reykjavik",1210,Greenwich Standard Time,"(UTC) Monrovia, Reykjavik","(UTC) Monrovia, Reykjavik"
Africa/Gaborone,CAT,SAST,Africa/Johannesburg,1470,South Africa Standard Time,"(UTC+02:00) Harare, Pretoria",1470,South Africa Standard Time,"(UTC+02:00) Harare, Pretoria","(UTC+02:00) Harare, Pretoria"
Africa/Harare,CAT,SAST,Africa/Johannesburg,1470,South Africa Standard Time,"(UTC+02:00) Harare, Pretoria",1470,South Africa Standard Time,"(UTC+02:00) Harare, Pretoria","(UTC+02:00) Harare, Pretoria"
Africa/Juba,CAT,SAST,Africa/Johannesburg,NA,NA,NA,1470,South Africa Standard Time,"(UTC+02:00) Harare, Pretoria","(UTC+02:00) Harare, Pretoria"
Africa/Kampala,EAT,MSK,Europe/Moscow,1520,E. Africa Standard Time,(UTC+03:00) Nairobi,1540,Russian Standard Time,"(UTC+04:00) Moscow, St. Petersburg, Volgograd",(UTC+03:00) Nairobi
Africa/Khartoum,CAT,SAST,Africa/Johannesburg,NA,NA,NA,1470,South Africa Standard Time,"(UTC+02:00) Harare, Pretoria","(UTC+02:00) Harare, Pretoria"
Africa/Kigali,CAT,SAST,Africa/Johannesburg,1470,South Africa Standard Time,"(UTC+02:00) Harare, Pretoria",1470,South Africa Standard Time,"(UTC+02:00) Harare, Pretoria","(UTC+02:00) Harare, Pretoria"
Africa/Kinshasa,WAT,WAT,Africa/Lagos,1330,W. Central Africa Standard Time,(UTC+01:00) West Central Africa,1330,W. Central Africa Standard Time,(UTC+01:00) West Central Africa,(UTC+01:00) West Central Africa
Africa/Libreville,WAT,WAT,Africa/Lagos,1330,W. Central Africa Standard Time,(UTC+01:00) West Central Africa,1330,W. Central Africa Standard Time,(UTC+01:00) West Central Africa,(UTC+01:00) West Central Africa
Africa/Lome,GMT,GMT,Africa/Abidjan,1210,Greenwich Standard Time,"(UTC) Monrovia, Reykjavik",1210,Greenwich Standard Time,"(UTC) Monrovia, Reykjavik","(UTC) Monrovia, Reykjavik"
Africa/Luanda,WAT,WAT,Africa/Lagos,1330,W. Central Africa Standard Time,(UTC+01:00) West Central Africa,1330,W. Central Africa Standard Time,(UTC+01:00) West Central Africa,(UTC+01:00) West Central Africa
Africa/Lubumbashi,CAT,SAST,Africa/Johannesburg,1470,South Africa Standard Time,"(UTC+02:00) Harare, Pretoria",1470,South Africa Standard Time,"(UTC+02:00) Harare, Pretoria","(UTC+02:00) Harare, Pretoria"
Africa/Lusaka,CAT,SAST,Africa/Johannesburg,1470,South Africa Standard Time,"(UTC+02:00) Harare, Pretoria",1470,South Africa Standard Time,"(UTC+02:00) Harare, Pretoria","(UTC+02:00) Harare, Pretoria"
Africa/Malabo,WAT,WAT,Africa/Lagos,1330,W. Central Africa Standard Time,(UTC+01:00) West Central Africa,1330,W. Central Africa Standard Time,(UTC+01:00) West Central Africa,(UTC+01:00) West Central Africa
Africa/Maputo,CAT,SAST,Africa/Johannesburg,1470,South Africa Standard Time,"(UTC+02:00) Harare, Pretoria",1470,South Africa Standard Time,"(UTC+02:00) Harare, Pretoria","(UTC+02:00) Harare, Pretoria"
Africa/Maseru,SAST,SAST,Africa/Johannesburg,1470,South Africa Standard Time,"(UTC+02:00) Harare, Pretoria",1470,South Africa Standard Time,"(UTC+02:00) Harare, Pretoria","(UTC+02:00) Harare, Pretoria"
Africa/Mbabane,SAST,SAST,Africa/Johannesburg,1470,South Africa Standard Time,"(UTC+02:00) Harare, Pretoria",1470,South Africa Standard Time,"(UTC+02:00) Harare, Pretoria","(UTC+02:00) Harare, Pretoria"
Africa/Mogadishu,EAT,MSK,Europe/Moscow,1520,E. Africa Standard Time,(UTC+03:00) Nairobi,1540,Russian Standard Time,"(UTC+04:00) Moscow, St. Petersburg, Volgograd",(UTC+03:00) Nairobi
Africa/Monrovia,GMT,GMT,Africa/Abidjan,1210,Greenwich Standard Time,"(UTC) Monrovia, Reykjavik",1210,Greenwich Standard Time,"(UTC) Monrovia, Reykjavik","(UTC) Monrovia, Reykjavik"
Africa/Nairobi,EAT,MSK,Europe/Moscow,1520,E. Africa Standard Time,(UTC+03:00) Nairobi,1540,Russian Standard Time,"(UTC+04:00) Moscow, St. Petersburg, Volgograd",(UTC+03:00) Nairobi
Africa/Ndjamena,WAT,WAT,Africa/Lagos,1330,W. Central Africa Standard Time,(UTC+01:00) West Central Africa,1330,W. Central Africa Standard Time,(UTC+01:00) West Central Africa,(UTC+01:00) West Central Africa
Africa/Niamey,WAT,WAT,Africa/Lagos,1330,W. Central Africa Standard Time,(UTC+01:00) West Central Africa,1330,W. Central Africa Standard Time,(UTC+01:00) West Central Africa,(UTC+01:00) West Central Africa
Africa/Nouakchott,GMT,GMT,Africa/Abidjan,1210,Greenwich Standard Time,"(UTC) Monrovia, Reykjavik",1210,Greenwich Standard Time,"(UTC) Monrovia, Reykjavik","(UTC) Monrovia, Reykjavik"
Africa/Ouagadougou,GMT,GMT,Africa/Abidjan,1210,Greenwich Standard Time,"(UTC) Monrovia, Reykjavik",1210,Greenwich Standard Time,"(UTC) Monrovia, Reykjavik","(UTC) Monrovia, Reykjavik"
Africa/Porto-Novo,WAT,WAT,Africa/Lagos,1330,W. Central Africa Standard Time,(UTC+01:00) West Central Africa,1330,W. Central Africa Standard Time,(UTC+01:00) West Central Africa,(UTC+01:00) West Central Africa
Africa/Sao_Tome,GMT,GMT,Africa/Abidjan,NA,NA,NA,1210,Greenwich Standard Time,"(UTC) Monrovia, Reykjavik","(UTC) Monrovia, Reykjavik"
Africa/Timbuktu,GMT,GMT,Africa/Abidjan,NA,NA,NA,1210,Greenwich Standard Time,"(UTC) Monrovia, Reykjavik","(UTC) Monrovia, Reykjavik"
Africa/Tripoli,EET,SAST,Africa/Johannesburg,NA,NA,NA,1470,South Africa Standard Time,"(UTC+02:00) Harare, Pretoria","(UTC+02:00) Harare, Pretoria"
Africa/Tunis,CET,WAT,Africa/Lagos,1330,W. Central Africa Standard Time,(UTC+01:00) West Central Africa,1330,W. Central Africa Standard Time,(UTC+01:00) West Central Africa,(UTC+01:00) West Central Africa
Africa/Windhoek,CAT,SAST,Africa/Johannesburg,1350,Namibia Standard Time,(UTC+01:00) Windhoek,1470,South Africa Standard Time,"(UTC+02:00) Harare, Pretoria",(UTC+01:00) Windhoek
America/Anguilla,AST,-04,America/Caracas,830,SA Western Standard Time,"(UTC-04:00) Georgetown, La Paz, Manaus, San Juan",840,Venezuela Standard Time,(UTC-04:30) Caracas,"(UTC-04:00) Georgetown, La Paz, Manaus, San Juan"
America/Antigua,AST,-04,America/Caracas,830,SA Western Standard Time,"(UTC-04:00) Georgetown, La Paz, Manaus, San Juan",840,Venezuela Standard Time,(UTC-04:30) Caracas,"(UTC-04:00) Georgetown, La Paz, Manaus, San Juan"
America/Araguaina,-03,-03,America/Sao_Paulo,NA,NA,NA,910,E. South America Standard Time,(UTC-03:00) Brasilia,(UTC-03:00) Brasilia
America/Argentina/Buenos_Aires,-03,-03,America/Sao_Paulo,NA,NA,NA,910,E. South America Standard Time,(UTC-03:00) Brasilia,(UTC-03:00) Brasilia
America/Argentina/Catamarca,-03,-03,America/Sao_Paulo,NA,NA,NA,910,E. South America Standard Time,(UTC-03:00) Brasilia,(UTC-03:00) Brasilia
America/Argentina/ComodRivadavia,-03,-03,America/Sao_Paulo,NA,NA,NA,910,E. South America Standard Time,(UTC-03:00) Brasilia,(UTC-03:00) Brasilia
America/Argentina/Cordoba,-03,-03,America/Sao_Paulo,NA,NA,NA,910,E. South America Standard Time,(UTC-03:00) Brasilia,(UTC-03:00) Brasilia
America/Argentina/Jujuy,-03,-03,America/Sao_Paulo,NA,NA,NA,910,E. South America Standard Time,(UTC-03:00) Brasilia,(UTC-03:00) Brasilia
America/Argentina/La_Rioja,-03,-03,America/Sao_Paulo,950,Argentina Standard Time,(UTC-03:00) Buenos Aires,910,E. South America Standard Time,(UTC-03:00) Brasilia,(UTC-03:00) Buenos Aires
America/Argentina/Mendoza,-03,-03,America/Sao_Paulo,NA,NA,NA,910,E. South America Standard Time,(UTC-03:00) Brasilia,(UTC-03:00) Brasilia
America/Argentina/Rio_Gallegos,-03,-03,America/Sao_Paulo,950,Argentina Standard Time,(UTC-03:00) Buenos Aires,910,E. South America Standard Time,(UTC-03:00) Brasilia,(UTC-03:00) Buenos Aires
America/Argentina/Salta,-03,-03,America/Sao_Paulo,950,Argentina Standard Time,(UTC-03:00) Buenos Aires,910,E. South America Standard Time,(UTC-03:00) Brasilia,(UTC-03:00) Buenos Aires
America/Argentina/San_Juan,-03,-03,America/Sao_Paulo,950,Argentina Standard Time,(UTC-03:00) Buenos Aires,910,E. South America Standard Time,(UTC-03:00) Brasilia,(UTC-03:00) Buenos Aires
America/Argentina/San_Luis,-03,-03,America/Sao_Paulo,950,Argentina Standard Time,(UTC-03:00) Buenos Aires,910,E. South America Standard Time,(UTC-03:00) Brasilia,(UTC-03:00) Buenos Aires
America/Argentina/Tucuman,-03,-03,America/Sao_Paulo,950,Argentina Standard Time,(UTC-03:00) Buenos Aires,910,E. South America Standard Time,(UTC-03:00) Brasilia,(UTC-03:00) Buenos Aires
America/Argentina/Ushuaia,-03,-03,America/Sao_Paulo,950,Argentina Standard Time,(UTC-03:00) Buenos Aires,910,E. South America Standard Time,(UTC-03:00) Brasilia,(UTC-03:00) Buenos Aires
America/Aruba,AST,-04,America/Caracas,830,SA Western Standard Time,"(UTC-04:00) Georgetown, La Paz, Manaus, San Juan",840,Venezuela Standard Time,(UTC-04:30) Caracas,"(UTC-04:00) Georgetown, La Paz, Manaus, San Juan"
America/Atikokan,ET,-05,America/Lima,NA,NA,NA,710,SA Pacific Standard Time,"(UTC-05:00) Bogota, Lima, Quito","(UTC-05:00) Bogota, Lima, Quito"
America/Bahia,-03,-03,America/Sao_Paulo,NA,NA,NA,910,E. South America Standard Time,(UTC-03:00) Brasilia,(UTC-03:00) Brasilia
America/Bahia_Banderas,CT,CT,America/Mexico_City,630,Central Standard Time (Mexico),"((UTC-06:00) Guadalajara, Mexico City, Monterrey",630,Central Standard Time (Mexico),"((UTC-06:00) Guadalajara, Mexico City, Monterrey","((UTC-06:00) Guadalajara, Mexico City, Monterrey"
America/Barbados,AST,-04,America/Caracas,830,SA Western Standard Time,"(UTC-04:00) Georgetown, La Paz, Manaus, San Juan",840,Venezuela Standard Time,(UTC-04:30) Caracas,"(UTC-04:00) Georgetown, La Paz, Manaus, San Juan"
America/Belem,-03,-03,America/Sao_Paulo,940,SA Eastern Standard Time,"(UTC-03:00) Cayenne, Fortaleza",910,E. South America Standard Time,(UTC-03:00) Brasilia,"(UTC-03:00) Cayenne, Fortaleza"
America/Belize,CT,CT,America/Mexico_City,610,Central America Standard Time,(UTC-06:00) Central America,630,Central Standard Time (Mexico),"((UTC-06:00) Guadalajara, Mexico City, Monterrey",(UTC-06:00) Central America
America/Blanc-Sablon,AST,-04,America/Caracas,830,SA Western Standard Time,"(UTC-04:00) Georgetown, La Paz, Manaus, San Juan",840,Venezuela Standard Time,(UTC-04:30) Caracas,"(UTC-04:00) Georgetown, La Paz, Manaus, San Juan"
America/Boa_Vista,-04,-04,America/Caracas,830,SA Western Standard Time,"(UTC-04:00) Georgetown, La Paz, Manaus, San Juan",840,Venezuela Standard Time,(UTC-04:30) Caracas,"(UTC-04:00) Georgetown, La Paz, Manaus, San Juan"
America/Bogota,-05,-05,America/Lima,710,SA Pacific Standard Time,"(UTC-05:00) Bogota, Lima, Quito",710,SA Pacific Standard Time,"(UTC-05:00) Bogota, Lima, Quito","(UTC-05:00) Bogota, Lima, Quito"
America/Boise,MT,MT,America/Denver,500,Mountain Standard Time,(UTC-07:00) Mountain Time (US and Canada),500,Mountain Standard Time,(UTC-07:00) Mountain Time (US and Canada),(UTC-07:00) Mountain Time (US and Canada)
America/Buenos_Aires,-03,-03,America/Sao_Paulo,950,Argentina Standard Time,(UTC-03:00) Buenos Aires,910,E. South America Standard Time,(UTC-03:00) Brasilia,(UTC-03:00) Buenos Aires
America/Cambridge_Bay,MT,MT,America/Denver,500,Mountain Standard Time,(UTC-07:00) Mountain Time (US and Canada),500,Mountain Standard Time,(UTC-07:00) Mountain Time (US and Canada),(UTC-07:00) Mountain Time (US and Canada)
America/Campo_Grande,-04,-04,America/Caracas,810,Central Brazilian Standard Time,(UTC-04:00) Cuiaba,840,Venezuela Standard Time,(UTC-04:30) Caracas,(UTC-04:00) Cuiaba
America/Cancun,ET,-05,America/Lima,NA,NA,NA,710,SA Pacific Standard Time,"(UTC-05:00) Bogota, Lima, Quito","(UTC-05:00) Bogota, Lima, Quito"
America/Catamarca,-03,-03,America/Sao_Paulo,950,Argentina Standard Time,(UTC-03:00) Buenos Aires,910,E. South America Standard Time,(UTC-03:00) Brasilia,(UTC-03:00) Buenos Aires
America/Cayenne,-03,-03,America/Sao_Paulo,940,SA Eastern Standard Time,"(UTC-03:00) Cayenne, Fortaleza",910,E. South America Standard Time,(UTC-03:00) Brasilia,"(UTC-03:00) Cayenne, Fortaleza"
America/Cayman,ET,-05,America/Lima,710,SA Pacific Standard Time,"(UTC-05:00) Bogota, Lima, Quito",710,SA Pacific Standard Time,"(UTC-05:00) Bogota, Lima, Quito","(UTC-05:00) Bogota, Lima, Quito"
America/Chihuahua,CT,CT,America/Mexico_City,630,Central Standard Time (Mexico),"((UTC-06:00) Guadalajara, Mexico City, Monterrey",630,Central Standard Time (Mexico),"((UTC-06:00) Guadalajara, Mexico City, Monterrey","((UTC-06:00) Guadalajara, Mexico City, Monterrey"
America/Ciudad_Juarez,MT,MT,America/Denver,500,Mountain Standard Time,(UTC-07:00) Mountain Time (US and Canada),500,Mountain Standard Time,(UTC-07:00) Mountain Time (US and Canada),(UTC-07:00) Mountain Time (US and Canada)
America/Coral_Harbour,ET,-05,America/Lima,710,SA Pacific Standard Time,"(UTC-05:00) Bogota, Lima, Quito",710,SA Pacific Standard Time,"(UTC-05:00) Bogota, Lima, Quito","(UTC-05:00) Bogota, Lima, Quito"
America/Cordoba,-03,-03,America/Sao_Paulo,950,Argentina Standard Time,(UTC-03:00) Buenos Aires,910,E. South America Standard Time,(UTC-03:00) Brasilia,(UTC-03:00) Buenos Aires
America/Costa_Rica,CT,CT,America/Mexico_City,610,Central America Standard Time,(UTC-06:00) Central America,630,Central Standard Time (Mexico),"((UTC-06:00) Guadalajara, Mexico City, Monterrey",(UTC-06:00) Central America
America/Creston,MT,MT,America/Phoenix,520,US Mountain Standard Time,(UTC-07:00) Arizona,520,US Mountain Standard Time,(UTC-07:00) Arizona,(UTC-07:00) Arizona
America/Cuiaba,-04,-04,America/Caracas,810,Central Brazilian Standard Time,(UTC-04:00) Cuiaba,840,Venezuela Standard Time,(UTC-04:30) Caracas,(UTC-04:00) Cuiaba
America/Curacao,AST,-04,America/Caracas,830,SA Western Standard Time,"(UTC-04:00) Georgetown, La Paz, Manaus, San Juan",840,Venezuela Standard Time,(UTC-04:30) Caracas,"(UTC-04:00) Georgetown, La Paz, Manaus, San Juan"
America/Danmarkshavn,GMT,GMT,Africa/Abidjan,1210,Greenwich Standard Time,"(UTC) Monrovia, Reykjavik",1210,Greenwich Standard Time,"(UTC) Monrovia, Reykjavik","(UTC) Monrovia, Reykjavik"
America/Dawson,MT,MT,America/Phoenix,NA,NA,NA,520,US Mountain Standard Time,(UTC-07:00) Arizona,(UTC-07:00) Arizona
America/Dawson_Creek,MT,MT,America/Phoenix,520,US Mountain Standard Time,(UTC-07:00) Arizona,520,US Mountain Standard Time,(UTC-07:00) Arizona,(UTC-07:00) Arizona
America/Detroit,ET,ET,America/New_York,700,Eastern Standard Time,(UTC-05:00) Eastern Time (US and Canada),700,Eastern Standard Time,(UTC-05:00) Eastern Time (US and Canada),(UTC-05:00) Eastern Time (US and Canada)
America/Dominica,AST,-04,America/Caracas,830,SA Western Standard Time,"(UTC-04:00) Georgetown, La Paz, Manaus, San Juan",840,Venezuela Standard Time,(UTC-04:30) Caracas,"(UTC-04:00) Georgetown, La Paz, Manaus, San Juan"
America/Edmonton,MT,MT,America/Denver,500,Mountain Standard Time,(UTC-07:00) Mountain Time (US and Canada),500,Mountain Standard Time,(UTC-07:00) Mountain Time (US and Canada),(UTC-07:00) Mountain Time (US and Canada)
America/Eirunepe,-05,-05,America/Lima,710,SA Pacific Standard Time,"(UTC-05:00) Bogota, Lima, Quito",710,SA Pacific Standard Time,"(UTC-05:00) Bogota, Lima, Quito","(UTC-05:00) Bogota, Lima, Quito"
America/El_Salvador,CT,CT,America/Mexico_City,610,Central America Standard Time,(UTC-06:00) Central America,630,Central Standard Time (Mexico),"((UTC-06:00) Guadalajara, Mexico City, Monterrey",(UTC-06:00) Central America
America/Ensenada,PT,PT,America/Los_Angeles,NA,NA,NA,400,Pacific Standard Time,(UTC-08:00) Pacific Time (US and Canada),(UTC-08:00) Pacific Time (US and Canada)
America/Fort_Nelson,MT,MT,America/Phoenix,520,US Mountain Standard Time,(UTC-07:00) Arizona,520,US Mountain Standard Time,(UTC-07:00) Arizona,(UTC-07:00) Arizona
America/Fort_Wayne,ET,ET,America/New_York,NA,NA,NA,700,Eastern Standard Time,(UTC-05:00) Eastern Time (US and Canada),(UTC-05:00) Eastern Time (US and Canada)
America/Fortaleza,-03,-03,America/Sao_Paulo,940,SA Eastern Standard Time,"(UTC-03:00) Cayenne, Fortaleza",910,E. South America Standard Time,(UTC-03:00) Brasilia,"(UTC-03:00) Cayenne, Fortaleza"
America/Glace_Bay,AST,AST,America/Halifax,800,Atlantic Standard Time,(UTC-04:00) Atlantic Time (Canada),800,Atlantic Standard Time,(UTC-04:00) Atlantic Time (Canada),(UTC-04:00) Atlantic Time (Canada)
America/Goose_Bay,AST,AST,America/Halifax,800,Atlantic Standard Time,(UTC-04:00) Atlantic Time (Canada),800,Atlantic Standard Time,(UTC-04:00) Atlantic Time (Canada),(UTC-04:00) Atlantic Time (Canada)
America/Grand_Turk,ET,ET,America/New_York,NA,NA,NA,700,Eastern Standard Time,(UTC-05:00) Eastern Time (US and Canada),(UTC-05:00) Eastern Time (US and Canada)
America/Grenada,AST,-04,America/Caracas,830,SA Western Standard Time,"(UTC-04:00) Georgetown, La Paz, Manaus, San Juan",840,Venezuela Standard Time,(UTC-04:30) Caracas,"(UTC-04:00) Georgetown, La Paz, Manaus, San Juan"
America/Guadeloupe,AST,-04,America/Caracas,830,SA Western Standard Time,"(UTC-04:00) Georgetown, La Paz, Manaus, San Juan",840,Venezuela Standard Time,(UTC-04:30) Caracas,"(UTC-04:00) Georgetown, La Paz, Manaus, San Juan"
America/Guatemala,CT,CT,America/Mexico_City,610,Central America Standard Time,(UTC-06:00) Central America,630,Central Standard Time (Mexico),"((UTC-06:00) Guadalajara, Mexico City, Monterrey",(UTC-06:00) Central America
America/Guayaquil,-05,-05,America/Lima,710,SA Pacific Standard Time,"(UTC-05:00) Bogota, Lima, Quito",710,SA Pacific Standard Time,"(UTC-05:00) Bogota, Lima, Quito","(UTC-05:00) Bogota, Lima, Quito"
America/Guyana,-04,-04,America/Caracas,830,SA Western Standard Time,"(UTC-04:00) Georgetown, La Paz, Manaus, San Juan",840,Venezuela Standard Time,(UTC-04:30) Caracas,"(UTC-04:00) Georgetown, La Paz, Manaus, San Juan"
America/Hermosillo,MT,MT,America/Phoenix,520,US Mountain Standard Time,(UTC-07:00) Arizona,520,US Mountain Standard Time,(UTC-07:00) Arizona,(UTC-07:00) Arizona
America/Indiana/Indianapolis,ET,ET,America/New_York,NA,NA,NA,700,Eastern Standard Time,(UTC-05:00) Eastern Time (US and Canada),(UTC-05:00) Eastern Time (US and Canada)
America/Indiana/Knox,CT,CT,America/Chicago,620,Central Standard Time,(UTC-06:00) Central Time (US and Canada),620,Central Standard Time,(UTC-06:00) Central Time (US and Canada),(UTC-06:00) Central Time (US and Canada)
America/Indiana/Marengo,ET,ET,America/New_York,720,US Eastern Standard Time,(UTC-05:00) Indiana (East),700,Eastern Standard Time,(UTC-05:00) Eastern Time (US and Canada),(UTC-05:00) Indiana (East)
America/Indiana/Petersburg,ET,ET,America/New_York,700,Eastern Standard Time,(UTC-05:00) Eastern Time (US and Canada),700,Eastern Standard Time,(UTC-05:00) Eastern Time (US and Canada),(UTC-05:00) Eastern Time (US and Canada)
America/Indiana/Tell_City,CT,CT,America/Chicago,620,Central Standard Time,(UTC-06:00) Central Time (US and Canada),620,Central Standard Time,(UTC-06:00) Central Time (US and Canada),(UTC-06:00) Central Time (US and Canada)
America/Indiana/Vevay,ET,ET,America/New_York,720,US Eastern Standard Time,(UTC-05:00) Indiana (East),700,Eastern Standard Time,(UTC-05:00) Eastern Time (US and Canada),(UTC-05:00) Indiana (East)
America/Indiana/Vincennes,ET,ET,America/New_York,700,Eastern Standard Time,(UTC-05:00) Eastern Time (US and Canada),700,Eastern Standard Time,(UTC-05:00) Eastern Time (US and Canada),(UTC-05:00) Eastern Time (US and Canada)
America/Indiana/Winamac,ET,ET,America/New_York,700,Eastern Standard Time,(UTC-05:00) Eastern Time (US and Canada),700,Eastern Standard Time,(UTC-05:00) Eastern Time (US and Canada),(UTC-05:00) Eastern Time (US and Canada)
America/Indianapolis,ET,ET,America/New_York,720,US Eastern Standard Time,(UTC-05:00) Indiana (East),700,Eastern Standard Time,(UTC-05:00) Eastern Time (US and Canada),(UTC-05:00) Indiana (East)
America/Inuvik,MT,MT,America/Denver,500,Mountain Standard Time,(UTC-07:00) Mountain Time (US and Canada),500,Mountain Standard Time,(UTC-07:00) Mountain Time (US and Canada),(UTC-07:00) Mountain Time (US and Canada)
America/Iqaluit,ET,ET,America/New_York,700,Eastern Standard Time,(UTC-05:00) Eastern Time (US and Canada),700,Eastern Standard Time,(UTC-05:00) Eastern Time (US and Canada),(UTC-05:00) Eastern Time (US and Canada)
America/Jamaica,ET,-05,America/Lima,710,SA Pacific Standard Time,"(UTC-05:00) Bogota, Lima, Quito",710,SA Pacific Standard Time,"(UTC-05:00) Bogota, Lima, Quito","(UTC-05:00) Bogota, Lima, Quito"
America/Jujuy,-03,-03,America/Sao_Paulo,950,Argentina Standard Time,(UTC-03:00) Buenos Aires,910,E. South America Standard Time,(UTC-03:00) Brasilia,(UTC-03:00) Buenos Aires
America/Juneau,AKST,AKST,America/Anchorage,300,Alaskan Standard Time,(UTC-09:00) Alaska,300,Alaskan Standard Time,(UTC-09:00) Alaska,(UTC-09:00) Alaska
America/Kentucky/Louisville,ET,ET,America/New_York,NA,NA,NA,700,Eastern Standard Time,(UTC-05:00) Eastern Time (US and Canada),(UTC-05:00) Eastern Time (US and Canada)
America/Kentucky/Monticello,ET,ET,America/New_York,700,Eastern Standard Time,(UTC-05:00) Eastern Time (US and Canada),700,Eastern Standard Time,(UTC-05:00) Eastern Time (US and Canada),(UTC-05:00) Eastern Time (US and Canada)
America/Knox_IN,CT,CT,America/Chicago,NA,NA,NA,620,Central Standard Time,(UTC-06:00) Central Time (US and Canada),(UTC-06:00) Central Time (US and Canada)
America/Kralendijk,AST,-04,America/Caracas,830,SA Western Standard Time,"(UTC-04:00) Georgetown, La Paz, Manaus, San Juan",840,Venezuela Standard Time,(UTC-04:30) Caracas,"(UTC-04:00) Georgetown, La Paz, Manaus, San Juan"
America/La_Paz,-04,-04,America/Caracas,830,SA Western Standard Time,"(UTC-04:00) Georgetown, La Paz, Manaus, San Juan",840,Venezuela Standard Time,(UTC-04:30) Caracas,"(UTC-04:00) Georgetown, La Paz, Manaus, San Juan"
America/Louisville,ET,ET,America/New_York,700,Eastern Standard Time,(UTC-05:00) Eastern Time (US and Canada),700,Eastern Standard Time,(UTC-05:00) Eastern Time (US and Canada),(UTC-05:00) Eastern Time (US and Canada)
America/Lower_Princes,AST,-04,America/Caracas,830,SA Western Standard Time,"(UTC-04:00) Georgetown, La Paz, Manaus, San Juan",840,Venezuela Standard Time,(UTC-04:30) Caracas,"(UTC-04:00) Georgetown, La Paz, Manaus, San Juan"
America/Maceio,-03,-03,America/Sao_Paulo,940,SA Eastern Standard Time,"(UTC-03:00) Cayenne, Fortaleza",910,E. South America Standard Time,(UTC-03:00) Brasilia,"(UTC-03:00) Cayenne, Fortaleza"
America/Managua,CT,CT,America/Mexico_City,610,Central America Standard Time,(UTC-06:00) Central America,630,Central Standard Time (Mexico),"((UTC-06:00) Guadalajara, Mexico City, Monterrey",(UTC-06:00) Central America
America/Manaus,-04,-04,America/Caracas,830,SA Western Standard Time,"(UTC-04:00) Georgetown, La Paz, Manaus, San Juan",840,Venezuela Standard Time,(UTC-04:30) Caracas,"(UTC-04:00) Georgetown, La Paz, Manaus, San Juan"
America/Marigot,AST,-04,America/Caracas,830,SA Western Standard Time,"(UTC-04:00) Georgetown, La Paz, Manaus, San Juan",840,Venezuela Standard Time,(UTC-04:30) Caracas,"(UTC-04:00) Georgetown, La Paz, Manaus, San Juan"
America/Martinique,AST,-04,America/Caracas,830,SA Western Standard Time,"(UTC-04:00) Georgetown, La Paz, Manaus, San Juan",840,Venezuela Standard Time,(UTC-04:30) Caracas,"(UTC-04:00) Georgetown, La Paz, Manaus, San Juan"
America/Matamoros,CT,CT,America/Chicago,620,Central Standard Time,(UTC-06:00) Central Time (US and Canada),620,Central Standard Time,(UTC-06:00) Central Time (US and Canada),(UTC-06:00) Central Time (US and Canada)
America/Mazatlan,MT,MT,America/Phoenix,510,Mountain Standard Time (Mexico),"(UTC-07:00) Chihuahua, La Paz, Mazatlan",520,US Mountain Standard Time,(UTC-07:00) Arizona,"(UTC-07:00) Chihuahua, La Paz, Mazatlan"
America/Mendoza,-03,-03,America/Sao_Paulo,950,Argentina Standard Time,(UTC-03:00) Buenos Aires,910,E. South America Standard Time,(UTC-03:00) Brasilia,(UTC-03:00) Buenos Aires
America/Menominee,CT,CT,America/Chicago,620,Central Standard Time,(UTC-06:00) Central Time (US and Canada),620,Central Standard Time,(UTC-06:00) Central Time (US and Canada),(UTC-06:00) Central Time (US and Canada)
America/Merida,CT,CT,America/Mexico_City,630,Central Standard Time (Mexico),"((UTC-06:00) Guadalajara, Mexico City, Monterrey",630,Central Standard Time (Mexico),"((UTC-06:00) Guadalajara, Mexico City, Monterrey","((UTC-06:00) Guadalajara, Mexico City, Monterrey"
America/Metlakatla,AKST,AKST,America/Anchorage,300,Alaskan Standard Time,(UTC-09:00) Alaska,300,Alaskan Standard Time,(UTC-09:00) Alaska,(UTC-09:00) Alaska
America/Moncton,AST,AST,America/Halifax,800,Atlantic Standard Time,(UTC-04:00) Atlantic Time (Canada),800,Atlantic Standard Time,(UTC-04:00) Atlantic Time (Canada),(UTC-04:00) Atlantic Time (Canada)
America/Monterrey,CT,CT,America/Mexico_City,630,Central Standard Time (Mexico),"((UTC-06:00) Guadalajara, Mexico City, Monterrey",630,Central Standard Time (Mexico),"((UTC-06:00) Guadalajara, Mexico City, Monterrey","((UTC-06:00) Guadalajara, Mexico City, Monterrey"
America/Montevideo,-03,-03,America/Sao_Paulo,930,Montevideo Standard Time,(UTC-03:00) Montevideo,910,E. South America Standard Time,(UTC-03:00) Brasilia,(UTC-03:00) Montevideo
America/Montreal,ET,ET,America/New_York,NA,NA,NA,700,Eastern Standard Time,(UTC-05:00) Eastern Time (US and Canada),(UTC-05:00) Eastern Time (US and Canada)
America/Montserrat,AST,-04,America/Caracas,830,SA Western Standard Time,"(UTC-04:00) Georgetown, La Paz, Manaus, San Juan",840,Venezuela Standard Time,(UTC-04:30) Caracas,"(UTC-04:00) Georgetown, La Paz, Manaus, San Juan"
America/Nassau,ET,ET,America/New_York,700,Eastern Standard Time,(UTC-05:00) Eastern Time (US and Canada),700,Eastern Standard Time,(UTC-05:00) Eastern Time (US and Canada),(UTC-05:00) Eastern Time (US and Canada)
America/Nipigon,ET,ET,America/New_York,NA,NA,NA,700,Eastern Standard Time,(UTC-05:00) Eastern Time (US and Canada),(UTC-05:00) Eastern Time (US and Canada)
America/Nome,AKST,AKST,America/Anchorage,300,Alaskan Standard Time,(UTC-09:00) Alaska,300,Alaskan Standard Time,(UTC-09:00) Alaska,(UTC-09:00) Alaska
America/North_Dakota/Beulah,CT,CT,America/Chicago,620,Central Standard Time,(UTC-06:00) Central Time (US and Canada),620,Central Standard Time,(UTC-06:00) Central Time (US and Canada),(UTC-06:00) Central Time (US and Canada)
America/North_Dakota/Center,CT,CT,America/Chicago,620,Central Standard Time,(UTC-06:00) Central Time (US and Canada),620,Central Standard Time,(UTC-06:00) Central Time (US and Canada),(UTC-06:00) Central Time (US and Canada)
America/North_Dakota/New_Salem,CT,CT,America/Chicago,620,Central Standard Time,(UTC-06:00) Central Time (US and Canada),620,Central Standard Time,(UTC-06:00) Central Time (US and Canada),(UTC-06:00) Central Time (US and Canada)
America/Ojinaga,CT,CT,America/Chicago,620,Central Standard Time,(UTC-06:00) Central Time (US and Canada),620,Central Standard Time,(UTC-06:00) Central Time (US and Canada),(UTC-06:00) Central Time (US and Canada)
America/Panama,ET,-05,America/Lima,710,SA Pacific Standard Time,"(UTC-05:00) Bogota, Lima, Quito",710,SA Pacific Standard Time,"(UTC-05:00) Bogota, Lima, Quito","(UTC-05:00) Bogota, Lima, Quito"
America/Pangnirtung,ET,ET,America/New_York,NA,NA,NA,700,Eastern Standard Time,(UTC-05:00) Eastern Time (US and Canada),(UTC-05:00) Eastern Time (US and Canada)
America/Paramaribo,-03,-03,America/Sao_Paulo,940,SA Eastern Standard Time,"(UTC-03:00) Cayenne, Fortaleza",910,E. South America Standard Time,(UTC-03:00) Brasilia,"(UTC-03:00) Cayenne, Fortaleza"
America/Port-au-Prince,ET,ET,America/New_York,NA,NA,NA,700,Eastern Standard Time,(UTC-05:00) Eastern Time (US and Canada),(UTC-05:00) Eastern Time (US and Canada)
America/Port_of_Spain,AST,-04,America/Caracas,830,SA Western Standard Time,"(UTC-04:00) Georgetown, La Paz, Manaus, San Juan",840,Venezuela Standard Time,(UTC-04:30) Caracas,"(UTC-04:00) Georgetown, La Paz, Manaus, San Juan"
America/Porto_Acre,-05,-05,America/Lima,NA,NA,NA,710,SA Pacific Standard Time,"(UTC-05:00) Bogota, Lima, Quito","(UTC-05:00) Bogota, Lima, Quito"
America/Porto_Velho,-04,-04,America/Caracas,830,SA Western Standard Time,"(UTC-04:00) Georgetown, La Paz, Manaus, San Juan",840,Venezuela Standard Time,(UTC-04:30) Caracas,"(UTC-04:00) Georgetown, La Paz, Manaus, San Juan"
America/Puerto_Rico,AST,-04,America/Caracas,830,SA Western Standard Time,"(UTC-04:00) Georgetown, La Paz, Manaus, San Juan",840,Venezuela Standard Time,(UTC-04:30) Caracas,"(UTC-04:00) Georgetown, La Paz, Manaus, San Juan"
America/Punta_Arenas,-03,-03,America/Sao_Paulo,NA,NA,NA,910,E. South America Standard Time,(UTC-03:00) Brasilia,(UTC-03:00) Brasilia
America/Rainy_River,CT,CT,America/Chicago,NA,NA,NA,620,Central Standard Time,(UTC-06:00) Central Time (US and Canada),(UTC-06:00) Central Time (US and Canada)
America/Rankin_Inlet,CT,CT,America/Chicago,620,Central Standard Time,(UTC-06:00) Central Time (US and Canada),620,Central Standard Time,(UTC-06:00) Central Time (US and Canada),(UTC-06:00) Central Time (US and Canada)
America/Recife,-03,-03,America/Sao_Paulo,940,SA Eastern Standard Time,"(UTC-03:00) Cayenne, Fortaleza",910,E. South America Standard Time,(UTC-03:00) Brasilia,"(UTC-03:00) Cayenne, Fortaleza"
America/Regina,CT,CT,America/Mexico_City,600,Canada Central Standard Time,(UTC-06:00) Saskatchewan,630,Central Standard Time (Mexico),"((UTC-06:00) Guadalajara, Mexico City, Monterrey",(UTC-06:00) Saskatchewan
America/Resolute,CT,CT,America/Chicago,620,Central Standard Time,(UTC-06:00) Central Time (US and Canada),620,Central Standard Time,(UTC-06:00) Central Time (US and Canada),(UTC-06:00) Central Time (US and Canada)
America/Rio_Branco,-05,-05,America/Lima,710,SA Pacific Standard Time,"(UTC-05:00) Bogota, Lima, Quito",710,SA Pacific Standard Time,"(UTC-05:00) Bogota, Lima, Quito","(UTC-05:00) Bogota, Lima, Quito"
America/Rosario,-03,-03,America/Sao_Paulo,NA,NA,NA,910,E. South America Standard Time,(UTC-03:00) Brasilia,(UTC-03:00) Brasilia
America/Santa_Isabel,PT,PT,America/Los_Angeles,NA,NA,NA,400,Pacific Standard Time,(UTC-08:00) Pacific Time (US and Canada),(UTC-08:00) Pacific Time (US and Canada)
America/Santarem,-03,-03,America/Sao_Paulo,940,SA Eastern Standard Time,"(UTC-03:00) Cayenne, Fortaleza",910,E. South America Standard Time,(UTC-03:00) Brasilia,"(UTC-03:00) Cayenne, Fortaleza"
America/Santo_Domingo,AST,-04,America/Caracas,830,SA Western Standard Time,"(UTC-04:00) Georgetown, La Paz, Manaus, San Juan",840,Venezuela Standard Time,(UTC-04:30) Caracas,"(UTC-04:00) Georgetown, La Paz, Manaus, San Juan"
America/Shiprock,MT,MT,America/Denver,NA,NA,NA,500,Mountain Standard Time,(UTC-07:00) Mountain Time (US and Canada),(UTC-07:00) Mountain Time (US and Canada)
America/Sitka,AKST,AKST,America/Anchorage,300,Alaskan Standard Time,(UTC-09:00) Alaska,300,Alaskan Standard Time,(UTC-09:00) Alaska,(UTC-09:00) Alaska
America/St_Barthelemy,AST,-04,America/Caracas,830,SA Western Standard Time,"(UTC-04:00) Georgetown, La Paz, Manaus, San Juan",840,Venezuela Standard Time,(UTC-04:30) Caracas,"(UTC-04:00) Georgetown, La Paz, Manaus, San Juan"
America/St_Kitts,AST,-04,America/Caracas,830,SA Western Standard Time,"(UTC-04:00) Georgetown, La Paz, Manaus, San Juan",840,Venezuela Standard Time,(UTC-04:30) Caracas,"(UTC-04:00) Georgetown, La Paz, Manaus, San Juan"
America/St_Lucia,AST,-04,America/Caracas,830,SA Western Standard Time,"(UTC-04:00) Georgetown, La Paz, Manaus, San Juan",840,Venezuela Standard Time,(UTC-04:30) Caracas,"(UTC-04:00) Georgetown, La Paz, Manaus, San Juan"
America/St_Thomas,AST,-04,America/Caracas,830,SA Western Standard Time,"(UTC-04:00) Georgetown, La Paz, Manaus, San Juan",840,Venezuela Standard Time,(UTC-04:30) Caracas,"(UTC-04:00) Georgetown, La Paz, Manaus, San Juan"
America/St_Vincent,AST,-04,America/Caracas,830,SA Western Standard Time,"(UTC-04:00) Georgetown, La Paz, Manaus, San Juan",840,Venezuela Standard Time,(UTC-04:30) Caracas,"(UTC-04:00) Georgetown, La Paz, Manaus, San Juan"
America/Swift_Current,CT,CT,America/Mexico_City,600,Canada Central Standard Time,(UTC-06:00) Saskatchewan,630,Central Standard Time (Mexico),"((UTC-06:00) Guadalajara, Mexico City, Monterrey",(UTC-06:00) Saskatchewan
America/Tegucigalpa,CT,CT,America/Mexico_City,610,Central America Standard Time,(UTC-06:00) Central America,630,Central Standard Time (Mexico),"((UTC-06:00) Guadalajara, Mexico City, Monterrey",(UTC-06:00) Central America
America/Thule,AST,AST,America/Halifax,800,Atlantic Standard Time,(UTC-04:00) Atlantic Time (Canada),800,Atlantic Standard Time,(UTC-04:00) Atlantic Time (Canada),(UTC-04:00) Atlantic Time (Canada)
America/Thunder_Bay,ET,ET,America/New_York,NA,NA,NA,700,Eastern Standard Time,(UTC-05:00) Eastern Time (US and Canada),(UTC-05:00) Eastern Time (US and Canada)
America/Tijuana,PT,PT,America/Los_Angeles,410,Pacific Standard Time (Mexico),(UTC-08:00)Baja California,400,Pacific Standard Time,(UTC-08:00) Pacific Time (US and Canada),(UTC-08:00)Baja California
America/Toronto,ET,ET,America/New_York,700,Eastern Standard Time,(UTC-05:00) Eastern Time (US and Canada),700,Eastern Standard Time,(UTC-05:00) Eastern Time (US and Canada),(UTC-05:00) Eastern Time (US and Canada)
America/Tortola,AST,-04,America/Caracas,830,SA Western Standard Time,"(UTC-04:00) Georgetown, La Paz, Manaus, San Juan",840,Venezuela Standard Time,(UTC-04:30) Caracas,"(UTC-04:00) Georgetown, La Paz, Manaus, San Juan"
America/Vancouver,PT,PT,America/Los_Angeles,400,Pacific Standard Time,(UTC-08:00) Pacific Time (US and Canada),400,Pacific Standard Time,(UTC-08:00) Pacific Time (US and Canada),(UTC-08:00) Pacific Time (US and Canada)
America/Virgin,AST,-04,America/Caracas,NA,NA,NA,840,Venezuela Standard Time,(UTC-04:30) Caracas,(UTC-04:30) Caracas
America/Whitehorse,MT,MT,America/Phoenix,NA,NA,NA,520,US Mountain Standard Time,(UTC-07:00) Arizona,(UTC-07:00) Arizona
America/Winnipeg,CT,CT,America/Chicago,620,Central Standard Time,(UTC-06:00) Central Time (US and Canada),620,Central Standard Time,(UTC-06:00) Central Time (US and Canada),(UTC-06:00) Central Time (US and Canada)
America/Yakutat,AKST,AKST,America/Anchorage,300,Alaskan Standard Time,(UTC-09:00) Alaska,300,Alaskan Standard Time,(UTC-09:00) Alaska,(UTC-09:00) Alaska
America/Yellowknife,MT,MT,America/Denver,NA,NA,NA,500,Mountain Standard Time,(UTC-07:00) Mountain Time (US and Canada),(UTC-07:00) Mountain Time (US and Canada)
Arctic/Longyearbyen,CET,CET,Europe/Paris,1340,W. Europe Standard Time,"(UTC+01:00) Amsterdam, Berlin, Bern, Rome, Stockholm, Vienna",1320,Romance Standard Time,"(UTC+01:00) Brussels, Copenhagen, Madrid, Paris","(UTC+01:00) Amsterdam, Berlin, Bern, Rome, Stockholm, Vienna"
Asia/Aden,+03,MSK,Europe/Moscow,1500,Arab Standard Time,"(UTC+03:00) Kuwait, Riyadh",1540,Russian Standard Time,"(UTC+04:00) Moscow, St. Petersburg, Volgograd","(UTC+03:00) Kuwait, Riyadh"
Asia/Almaty,+06,+06,Asia/Dhaka,1710,West Asia Standard Time,(UTC+05:00) Tashkent,1830,Bangladesh Standard Time,(UTC+06:00) Dhaka,(UTC+05:00) Tashkent
Asia/Amman,+03,MSK,Europe/Moscow,1450,Jordan Standard Time,(UTC+02:00) Amman,1540,Russian Standard Time,"(UTC+04:00) Moscow, St. Petersburg, Volgograd",(UTC+02:00) Amman
Asia/Anadyr,+12,+12,Pacific/Fiji,NA,NA,NA,2400,Fiji Standard Time,(UTC+12:00) Fiji,(UTC+12:00) Fiji
Asia/Aqtau,+05,PKT,Asia/Karachi,1710,West Asia Standard Time,(UTC+05:00) Tashkent,1750,Pakistan Standard Time,"(UTC+05:00) Islamabad, Karachi",(UTC+05:00) Tashkent
Asia/Aqtobe,+05,PKT,Asia/Karachi,1710,West Asia Standard Time,(UTC+05:00) Tashkent,1750,Pakistan Standard Time,"(UTC+05:00) Islamabad, Karachi",(UTC+05:00) Tashkent
Asia/Ashgabat,+05,PKT,Asia/Karachi,1710,West Asia Standard Time,(UTC+05:00) Tashkent,1750,Pakistan Standard Time,"(UTC+05:00) Islamabad, Karachi",(UTC+05:00) Tashkent
Asia/Ashkhabad,+05,PKT,Asia/Karachi,NA,NA,NA,1750,Pakistan Standard Time,"(UTC+05:00) Islamabad, Karachi","(UTC+05:00) Islamabad, Karachi"
Asia/Atyrau,+05,PKT,Asia/Karachi,1710,West Asia Standard Time,(UTC+05:00) Tashkent,1750,Pakistan Standard Time,"(UTC+05:00) Islamabad, Karachi",(UTC+05:00) Tashkent
Asia/Baghdad,+03,MSK,Europe/Moscow,1510,Arabic Standard Time,(UTC+03:00) Baghdad,1540,Russian Standard Time,"(UTC+04:00) Moscow, St. Petersburg, Volgograd",(UTC+03:00) Baghdad
Asia/Bahrain,+03,MSK,Europe/Moscow,1500,Arab Standard Time,"(UTC+03:00) Kuwait, Riyadh",1540,Russian Standard Time,"(UTC+04:00) Moscow, St. Petersburg, Volgograd","(UTC+03:00) Kuwait, Riyadh"
Asia/Baku,+04,+04,Asia/Dubai,1610,Azerbaijan Standard Time,(UTC+04:00) Baku,1600,Arabian Standard Time,"(UTC+04:00) Abu Dhabi, Muscat",(UTC+04:00) Baku
Asia/Bangkok,+07,WIB,Asia/Jakarta,1910,SE Asia Standard Time,"(UTC+07:00) Bangkok, Hanoi, Jakarta",1910,SE Asia Standard Time,"(UTC+07:00) Bangkok, Hanoi, Jakarta","(UTC+07:00) Bangkok, Hanoi, Jakarta"
Asia/Barnaul,+07,WIB,Asia/Jakarta,NA,NA,NA,1910,SE Asia Standard Time,"(UTC+07:00) Bangkok, Hanoi, Jakarta","(UTC+07:00) Bangkok, Hanoi, Jakarta"
Asia/Bishkek,+06,+06,Asia/Dhaka,1800,Central Asia Standard Time,(UTC+06:00) Astana,1830,Bangladesh Standard Time,(UTC+06:00) Dhaka,(UTC+06:00) Astana
Asia/Brunei,+08,PT,Asia/Manila,2020,Singapore Standard Time,"(UTC+08:00) Kuala Lumpur, Singapore",2020,Singapore Standard Time,"(UTC+08:00) Kuala Lumpur, Singapore","(UTC+08:00) Kuala Lumpur, Singapore"
Asia/Calcutta,IST,IST,Asia/Kolkata,1720,India Standard Time,"(UTC+05:30) Chennai, Kolkata, Mumbai, New Delhi",NA,India Standard Time,"(UTC+05:30) Chennai, Kolkata, Mumbai, New Delhi","(UTC+05:30) Chennai, Kolkata, Mumbai, New Delhi"
Asia/Chita,+09,JST,Asia/Tokyo,NA,NA,NA,2110,Tokyo Standard Time,"(UTC+09:00) Osaka, Sapporo, Tokyo","(UTC+09:00) Osaka, Sapporo, Tokyo"
Asia/Choibalsan,+08,PT,Asia/Manila,NA,NA,NA,2020,Singapore Standard Time,"(UTC+08:00) Kuala Lumpur, Singapore","(UTC+08:00) Kuala Lumpur, Singapore"
Asia/Chongqing,CT,PT,Asia/Manila,NA,NA,NA,2020,Singapore Standard Time,"(UTC+08:00) Kuala Lumpur, Singapore","(UTC+08:00) Kuala Lumpur, Singapore"
Asia/Chungking,CT,PT,Asia/Manila,NA,NA,NA,2020,Singapore Standard Time,"(UTC+08:00) Kuala Lumpur, Singapore","(UTC+08:00) Kuala Lumpur, Singapore"
Asia/Colombo,+0530,IST,Asia/Kolkata,1730,Sri Lanka Standard Time,(UTC+05:30) Sri Jayawardenepura,NA,India Standard Time,"(UTC+05:30) Chennai, Kolkata, Mumbai, New Delhi",(UTC+05:30) Sri Jayawardenepura
Asia/Dacca,+06,+06,Asia/Dhaka,NA,NA,NA,1830,Bangladesh Standard Time,(UTC+06:00) Dhaka,(UTC+06:00) Dhaka
Asia/Damascus,+03,MSK,Europe/Moscow,1480,Syria Standard Time,(UTC+02:00) Damascus,1540,Russian Standard Time,"(UTC+04:00) Moscow, St. Petersburg, Volgograd",(UTC+02:00) Damascus
Asia/Dili,+09,JST,Asia/Tokyo,2110,Tokyo Standard Time,"(UTC+09:00) Osaka, Sapporo, Tokyo",2110,Tokyo Standard Time,"(UTC+09:00) Osaka, Sapporo, Tokyo","(UTC+09:00) Osaka, Sapporo, Tokyo"
Asia/Dushanbe,+05,PKT,Asia/Karachi,1710,West Asia Standard Time,(UTC+05:00) Tashkent,1750,Pakistan Standard Time,"(UTC+05:00) Islamabad, Karachi",(UTC+05:00) Tashkent
Asia/Famagusta,EET,EET,Europe/Athens,1430,GTB Standard Time,"(UTC+02:00) Athens, Bucharest",1430,GTB Standard Time,"(UTC+02:00) Athens, Bucharest","(UTC+02:00) Athens, Bucharest"
Asia/Harbin,CT,PT,Asia/Manila,NA,NA,NA,2020,Singapore Standard Time,"(UTC+08:00) Kuala Lumpur, Singapore","(UTC+08:00) Kuala Lumpur, Singapore"
Asia/Hebron,EET,EET,Africa/Cairo,NA,NA,NA,1410,Egypt Standard Time,(UTC+02:00) Cairo,(UTC+02:00) Cairo
Asia/Ho_Chi_Minh,+07,WIB,Asia/Jakarta,NA,NA,NA,1910,SE Asia Standard Time,"(UTC+07:00) Bangkok, Hanoi, Jakarta","(UTC+07:00) Bangkok, Hanoi, Jakarta"
Asia/Hong_Kong,HKT,PT,Asia/Manila,2000,China Standard Time,"(UTC+08:00) Beijing, Chongqing, Hong Kong, Urumqi",2020,Singapore Standard Time,"(UTC+08:00) Kuala Lumpur, Singapore","(UTC+08:00) Beijing, Chongqing, Hong Kong, Urumqi"
Asia/Hovd,+07,WIB,Asia/Jakarta,NA,NA,NA,1910,SE Asia Standard Time,"(UTC+07:00) Bangkok, Hanoi, Jakarta","(UTC+07:00) Bangkok, Hanoi, Jakarta"
Asia/Irkutsk,+08,PT,Asia/Manila,2010,North Asia East Standard Time,(UTC+09:00) Irkutsk,2020,Singapore Standard Time,"(UTC+08:00) Kuala Lumpur, Singapore",(UTC+09:00) Irkutsk
Asia/Istanbul,+03,MSK,Europe/Moscow,NA,NA,NA,1540,Russian Standard Time,"(UTC+04:00) Moscow, St. Petersburg, Volgograd","(UTC+04:00) Moscow, St. Petersburg, Volgograd"
Asia/Jayapura,WIT,JST,Asia/Tokyo,2110,Tokyo Standard Time,"(UTC+09:00) Osaka, Sapporo, Tokyo",2110,Tokyo Standard Time,"(UTC+09:00) Osaka, Sapporo, Tokyo","(UTC+09:00) Osaka, Sapporo, Tokyo"
Asia/Kamchatka,+12,+12,Pacific/Fiji,NA,NA,NA,2400,Fiji Standard Time,(UTC+12:00) Fiji,(UTC+12:00) Fiji
Asia/Kashgar,+06,+06,Asia/Dhaka,NA,NA,NA,1830,Bangladesh Standard Time,(UTC+06:00) Dhaka,(UTC+06:00) Dhaka
Asia/Katmandu,+0545,+0545,Asia/Kathmandu,1740,Nepal Standard Time,(UTC+05:45) Kathmandu,NA,Nepal Standard Time,(UTC+05:45) Kathmandu,(UTC+05:45) Kathmandu
Asia/Khandyga,+09,JST,Asia/Tokyo,2120,Yakutsk Standard Time,(UTC+10:00) Yakutsk,2110,Tokyo Standard Time,"(UTC+09:00) Osaka, Sapporo, Tokyo",(UTC+10:00) Yakutsk
Asia/Krasnoyarsk,+07,WIB,Asia/Jakarta,1900,North Asia Standard Time,(UTC+08:00) Krasnoyarsk,1910,SE Asia Standard Time,"(UTC+07:00) Bangkok, Hanoi, Jakarta",(UTC+08:00) Krasnoyarsk
Asia/Kuala_Lumpur,+08,PT,Asia/Manila,2020,Singapore Standard Time,"(UTC+08:00) Kuala Lumpur, Singapore",2020,Singapore Standard Time,"(UTC+08:00) Kuala Lumpur, Singapore","(UTC+08:00) Kuala Lumpur, Singapore"
Asia/Kuching,+08,PT,Asia/Manila,2020,Singapore Standard Time,"(UTC+08:00) Kuala Lumpur, Singapore",2020,Singapore Standard Time,"(UTC+08:00) Kuala Lumpur, Singapore","(UTC+08:00) Kuala Lumpur, Singapore"
Asia/Kuwait,+03,MSK,Europe/Moscow,1500,Arab Standard Time,"(UTC+03:00) Kuwait, Riyadh",1540,Russian Standard Time,"(UTC+04:00) Moscow, St. Petersburg, Volgograd","(UTC+03:00) Kuwait, Riyadh"
Asia/Macao,CT,PT,Asia/Manila,NA,NA,NA,2020,Singapore Standard Time,"(UTC+08:00) Kuala Lumpur, Singapore","(UTC+08:00) Kuala Lumpur, Singapore"
Asia/Macau,CT,PT,Asia/Manila,2000,China Standard Time,"(UTC+08:00) Beijing, Chongqing, Hong Kong, Urumqi",2020,Singapore Standard Time,"(UTC+08:00) Kuala Lumpur, Singapore","(UTC+08:00) Beijing, Chongqing, Hong Kong, Urumqi"
Asia/Magadan,+11,+11,Asia/Magadan,2310,Magadan Standard Time,(UTC+12:00) Magadan,2310,Magadan Standard Time,(UTC+12:00) Magadan,(UTC+12:00) Magadan
Asia/Makassar,WITA,PT,Asia/Manila,2020,Singapore Standard Time,"(UTC+08:00) Kuala Lumpur, Singapore",2020,Singapore Standard Time,"(UTC+08:00) Kuala Lumpur, Singapore","(UTC+08:00) Kuala Lumpur, Singapore"
Asia/Muscat,+04,+04,Asia/Dubai,1600,Arabian Standard Time,"(UTC+04:00) Abu Dhabi, Muscat",1600,Arabian Standard Time,"(UTC+04:00) Abu Dhabi, Muscat","(UTC+04:00) Abu Dhabi, Muscat"
Asia/Nicosia,EET,EET,Europe/Athens,1430,GTB Standard Time,"(UTC+02:00) Athens, Bucharest",1430,GTB Standard Time,"(UTC+02:00) Athens, Bucharest","(UTC+02:00) Athens, Bucharest"
Asia/Novokuznetsk,+07,WIB,Asia/Jakarta,1900,North Asia Standard Time,(UTC+08:00) Krasnoyarsk,1910,SE Asia Standard Time,"(UTC+07:00) Bangkok, Hanoi, Jakarta",(UTC+08:00) Krasnoyarsk
Asia/Novosibirsk,+07,WIB,Asia/Jakarta,1810,N. Central Asia Standard Time,(UTC+07:00) Novosibirsk,1910,SE Asia Standard Time,"(UTC+07:00) Bangkok, Hanoi, Jakarta",(UTC+07:00) Novosibirsk
Asia/Omsk,+06,+06,Asia/Dhaka,NA,NA,NA,1830,Bangladesh Standard Time,(UTC+06:00) Dhaka,(UTC+06:00) Dhaka
Asia/Oral,+05,PKT,Asia/Karachi,1710,West Asia Standard Time,(UTC+05:00) Tashkent,1750,Pakistan Standard Time,"(UTC+05:00) Islamabad, Karachi",(UTC+05:00) Tashkent
Asia/Phnom_Penh,+07,WIB,Asia/Jakarta,1910,SE Asia Standard Time,"(UTC+07:00) Bangkok, Hanoi, Jakarta",1910,SE Asia Standard Time,"(UTC+07:00) Bangkok, Hanoi, Jakarta","(UTC+07:00) Bangkok, Hanoi, Jakarta"
Asia/Pontianak,WIB,WIB,Asia/Jakarta,1910,SE Asia Standard Time,"(UTC+07:00) Bangkok, Hanoi, Jakarta",1910,SE Asia Standard Time,"(UTC+07:00) Bangkok, Hanoi, Jakarta","(UTC+07:00) Bangkok, Hanoi, Jakarta"
Asia/Pyongyang,KST,JST,Asia/Tokyo,NA,NA,NA,2110,Tokyo Standard Time,"(UTC+09:00) Osaka, Sapporo, Tokyo","(UTC+09:00) Osaka, Sapporo, Tokyo"
Asia/Qatar,+03,MSK,Europe/Moscow,1500,Arab Standard Time,"(UTC+03:00) Kuwait, Riyadh",1540,Russian Standard Time,"(UTC+04:00) Moscow, St. Petersburg, Volgograd","(UTC+03:00) Kuwait, Riyadh"
Asia/Qostanay,+06,+06,Asia/Dhaka,1710,West Asia Standard Time,(UTC+05:00) Tashkent,1830,Bangladesh Standard Time,(UTC+06:00) Dhaka,(UTC+05:00) Tashkent
Asia/Qyzylorda,+05,PKT,Asia/Karachi,NA,NA,NA,1750,Pakistan Standard Time,"(UTC+05:00) Islamabad, Karachi","(UTC+05:00) Islamabad, Karachi"
Asia/Rangoon,+0630,+0630,Asia/Yangon,1820,Myanmar Standard Time,(UTC+06:30) Yangon (Rangoon),NA,Myanmar Standard Time,(UTC+06:30) Yangon (Rangoon),(UTC+06:30) Yangon (Rangoon)
Asia/Riyadh,+03,MSK,Europe/Moscow,1500,Arab Standard Time,"(UTC+03:00) Kuwait, Riyadh",1540,Russian Standard Time,"(UTC+04:00) Moscow, St. Petersburg, Volgograd","(UTC+03:00) Kuwait, Riyadh"
Asia/Saigon,+07,WIB,Asia/Jakarta,1910,SE Asia Standard Time,"(UTC+07:00) Bangkok, Hanoi, Jakarta",1910,SE Asia Standard Time,"(UTC+07:00) Bangkok, Hanoi, Jakarta","(UTC+07:00) Bangkok, Hanoi, Jakarta"
Asia/Samarkand,+05,PKT,Asia/Karachi,1710,West Asia Standard Time,(UTC+05:00) Tashkent,1750,Pakistan Standard Time,"(UTC+05:00) Islamabad, Karachi",(UTC+05:00) Tashkent
Asia/Seoul,KST,JST,Asia/Tokyo,2100,Korea Standard Time,(UTC+09:00) Seoul,2110,Tokyo Standard Time,"(UTC+09:00) Osaka, Sapporo, Tokyo",(UTC+09:00) Seoul
Asia/Shanghai,CT,PT,Asia/Manila,2000,China Standard Time,"(UTC+08:00) Beijing, Chongqing, Hong Kong, Urumqi",2020,Singapore Standard Time,"(UTC+08:00) Kuala Lumpur, Singapore","(UTC+08:00) Beijing, Chongqing, Hong Kong, Urumqi"
Asia/Singapore,+08,PT,Asia/Manila,2020,Singapore Standard Time,"(UTC+08:00) Kuala Lumpur, Singapore",2020,Singapore Standard Time,"(UTC+08:00) Kuala Lumpur, Singapore","(UTC+08:00) Kuala Lumpur, Singapore"
Asia/Srednekolymsk,+11,+11,Asia/Magadan,NA,NA,NA,2310,Magadan Standard Time,(UTC+12:00) Magadan,(UTC+12:00) Magadan
Asia/Taipei,CT,PT,Asia/Manila,2030,Taipei Standard Time,(UTC+08:00) Taipei,2020,Singapore Standard Time,"(UTC+08:00) Kuala Lumpur, Singapore",(UTC+08:00) Taipei
Asia/Tashkent,+05,PKT,Asia/Karachi,1710,West Asia Standard Time,(UTC+05:00) Tashkent,1750,Pakistan Standard Time,"(UTC+05:00) Islamabad, Karachi",(UTC+05:00) Tashkent
Asia/Tbilisi,+04,+04,Asia/Dubai,1640,Georgian Standard Time,(UTC+04:00) Tbilisi,1600,Arabian Standard Time,"(UTC+04:00) Abu Dhabi, Muscat",(UTC+04:00) Tbilisi
Asia/Tel_Aviv,IST,EET,Europe/Athens,NA,NA,NA,1430,GTB Standard Time,"(UTC+02:00) Athens, Bucharest","(UTC+02:00) Athens, Bucharest"
Asia/Thimbu,+06,+06,Asia/Dhaka,NA,NA,NA,1830,Bangladesh Standard Time,(UTC+06:00) Dhaka,(UTC+06:00) Dhaka
Asia/Thimphu,+06,+06,Asia/Dhaka,1830,Bangladesh Standard Time,(UTC+06:00) Dhaka,1830,Bangladesh Standard Time,(UTC+06:00) Dhaka,(UTC+06:00) Dhaka
Asia/Tomsk,+07,WIB,Asia/Jakarta,NA,NA,NA,1910,SE Asia Standard Time,"(UTC+07:00) Bangkok, Hanoi, Jakarta","(UTC+07:00) Bangkok, Hanoi, Jakarta"
Asia/Ujung_Pandang,WITA,PT,Asia/Manila,NA,NA,NA,2020,Singapore Standard Time,"(UTC+08:00) Kuala Lumpur, Singapore","(UTC+08:00) Kuala Lumpur, Singapore"
Asia/Ulaanbaatar,+08,PT,Asia/Manila,2050,Ulaanbaatar Standard Time,(UTC+08:00) Ulaanbaatar,2020,Singapore Standard Time,"(UTC+08:00) Kuala Lumpur, Singapore",(UTC+08:00) Ulaanbaatar
Asia/Ulan_Bator,+08,PT,Asia/Manila,NA,NA,NA,2020,Singapore Standard Time,"(UTC+08:00) Kuala Lumpur, Singapore","(UTC+08:00) Kuala Lumpur, Singapore"
Asia/Urumqi,+06,+06,Asia/Dhaka,1800,Central Asia Standard Time,(UTC+06:00) Astana,1830,Bangladesh Standard Time,(UTC+06:00) Dhaka,(UTC+06:00) Astana
Asia/Ust-Nera,+10,AEST,Australia/Brisbane,2230,Vladivostok Standard Time,(UTC+11:00) Vladivostok,2210,E. Australia Standard Time,(UTC+10:00) Brisbane,(UTC+11:00) Vladivostok
Asia/Vientiane,+07,WIB,Asia/Jakarta,1910,SE Asia Standard Time,"(UTC+07:00) Bangkok, Hanoi, Jakarta",1910,SE Asia Standard Time,"(UTC+07:00) Bangkok, Hanoi, Jakarta","(UTC+07:00) Bangkok, Hanoi, Jakarta"
Asia/Vladivostok,+10,AEST,Australia/Brisbane,2230,Vladivostok Standard Time,(UTC+11:00) Vladivostok,2210,E. Australia Standard Time,(UTC+10:00) Brisbane,(UTC+11:00) Vladivostok
Asia/Yakutsk,+09,JST,Asia/Tokyo,2120,Yakutsk Standard Time,(UTC+10:00) Yakutsk,2110,Tokyo Standard Time,"(UTC+09:00) Osaka, Sapporo, Tokyo",(UTC+10:00) Yakutsk
Asia/Yekaterinburg,+05,PKT,Asia/Karachi,1700,Ekaterinburg Standard Time,(UTC+06:00) Ekaterinburg,1750,Pakistan Standard Time,"(UTC+05:00) Islamabad, Karachi",(UTC+06:00) Ekaterinburg
Asia/Yerevan,+04,+04,Asia/Dubai,1620,Caucasus Standard Time,(UTC+04:00) Yerevan,1600,Arabian Standard Time,"(UTC+04:00) Abu Dhabi, Muscat",(UTC+04:00) Yerevan
Atlantic/Bermuda,AST,AST,America/Halifax,800,Atlantic Standard Time,(UTC-04:00) Atlantic Time (Canada),800,Atlantic Standard Time,(UTC-04:00) Atlantic Time (Canada),(UTC-04:00) Atlantic Time (Canada)
Atlantic/Canary,WET,GMT,Europe/London,1200,GMT Standard Time,"(UTC) Dublin, Edinburgh, Lisbon, London",1200,GMT Standard Time,"(UTC) Dublin, Edinburgh, Lisbon, London","(UTC) Dublin, Edinburgh, Lisbon, London"
Atlantic/Faeroe,WET,GMT,Europe/London,1200,GMT Standard Time,"(UTC) Dublin, Edinburgh, Lisbon, London",1200,GMT Standard Time,"(UTC) Dublin, Edinburgh, Lisbon, London","(UTC) Dublin, Edinburgh, Lisbon, London"
Atlantic/Faroe,WET,GMT,Europe/London,NA,NA,NA,1200,GMT Standard Time,"(UTC) Dublin, Edinburgh, Lisbon, London","(UTC) Dublin, Edinburgh, Lisbon, London"
Atlantic/Jan_Mayen,CET,CET,Europe/Paris,NA,NA,NA,1320,Romance Standard Time,"(UTC+01:00) Brussels, Copenhagen, Madrid, Paris","(UTC+01:00) Brussels, Copenhagen, Madrid, Paris"
Atlantic/Madeira,WET,GMT,Europe/London,1200,GMT Standard Time,"(UTC) Dublin, Edinburgh, Lisbon, London",1200,GMT Standard Time,"(UTC) Dublin, Edinburgh, Lisbon, London","(UTC) Dublin, Edinburgh, Lisbon, London"
Atlantic/Reykjavik,GMT,GMT,Africa/Abidjan,1210,Greenwich Standard Time,"(UTC) Monrovia, Reykjavik",1210,Greenwich Standard Time,"(UTC) Monrovia, Reykjavik","(UTC) Monrovia, Reykjavik"
Atlantic/St_Helena,GMT,GMT,Africa/Abidjan,1210,Greenwich Standard Time,"(UTC) Monrovia, Reykjavik",1210,Greenwich Standard Time,"(UTC) Monrovia, Reykjavik","(UTC) Monrovia, Reykjavik"
Atlantic/Stanley,-03,-03,America/Sao_Paulo,940,SA Eastern Standard Time,"(UTC-03:00) Cayenne, Fortaleza",910,E. South America Standard Time,(UTC-03:00) Brasilia,"(UTC-03:00) Cayenne, Fortaleza"
Australia/ACT,AEST,AEST,Australia/Sydney,NA,NA,NA,2200,AUS Eastern Standard Time,"(UTC+10:00) Canberra, Melbourne, Sydney","(UTC+10:00) Canberra, Melbourne, Sydney"
Australia/Broken_Hill,ACST,ACST,Australia/Adelaide,2140,Cen. Australia Standard Time,(UTC+09:30) Adelaide,2140,Cen. Australia Standard Time,(UTC+09:30) Adelaide,(UTC+09:30) Adelaide
Australia/Canberra,AEST,AEST,Australia/Sydney,NA,NA,NA,2200,AUS Eastern Standard Time,"(UTC+10:00) Canberra, Melbourne, Sydney","(UTC+10:00) Canberra, Melbourne, Sydney"
Australia/Currie,AEST,AEST,Australia/Sydney,NA,NA,NA,2200,AUS Eastern Standard Time,"(UTC+10:00) Canberra, Melbourne, Sydney","(UTC+10:00) Canberra, Melbourne, Sydney"
Australia/Hobart,AEST,AEST,Australia/Sydney,2220,Tasmania Standard Time,(UTC+10:00) Hobart,2200,AUS Eastern Standard Time,"(UTC+10:00) Canberra, Melbourne, Sydney",(UTC+10:00) Hobart
Australia/Lindeman,AEST,AEST,Australia/Brisbane,2210,E. Australia Standard Time,(UTC+10:00) Brisbane,2210,E. Australia Standard Time,(UTC+10:00) Brisbane,(UTC+10:00) Brisbane
Australia/Melbourne,AEST,AEST,Australia/Sydney,2200,AUS Eastern Standard Time,"(UTC+10:00) Canberra, Melbourne, Sydney",2200,AUS Eastern Standard Time,"(UTC+10:00) Canberra, Melbourne, Sydney","(UTC+10:00) Canberra, Melbourne, Sydney"
Australia/NSW,AEST,AEST,Australia/Sydney,NA,NA,NA,2200,AUS Eastern Standard Time,"(UTC+10:00) Canberra, Melbourne, Sydney","(UTC+10:00) Canberra, Melbourne, Sydney"
Australia/North,ACST,ACST,Australia/Darwin,NA,NA,NA,2130,AUS Central Standard Time,(UTC+09:30) Darwin,(UTC+09:30) Darwin
Australia/Perth,AWST,PT,Asia/Manila,2040,W. Australia Standard Time,(UTC+08:00) Perth,2020,Singapore Standard Time,"(UTC+08:00) Kuala Lumpur, Singapore",(UTC+08:00) Perth
Australia/Queensland,AEST,AEST,Australia/Brisbane,NA,NA,NA,2210,E. Australia Standard Time,(UTC+10:00) Brisbane,(UTC+10:00) Brisbane
Australia/South,ACST,ACST,Australia/Adelaide,NA,NA,NA,2140,Cen. Australia Standard Time,(UTC+09:30) Adelaide,(UTC+09:30) Adelaide
Australia/Tasmania,AEST,AEST,Australia/Sydney,NA,NA,NA,2200,AUS Eastern Standard Time,"(UTC+10:00) Canberra, Melbourne, Sydney","(UTC+10:00) Canberra, Melbourne, Sydney"
Australia/Victoria,AEST,AEST,Australia/Sydney,NA,NA,NA,2200,AUS Eastern Standard Time,"(UTC+10:00) Canberra, Melbourne, Sydney","(UTC+10:00) Canberra, Melbourne, Sydney"
Australia/West,AWST,PT,Asia/Manila,NA,NA,NA,2020,Singapore Standard Time,"(UTC+08:00) Kuala Lumpur, Singapore","(UTC+08:00) Kuala Lumpur, Singapore"
Australia/Yancowinna,ACST,ACST,Australia/Adelaide,NA,NA,NA,2140,Cen. Australia Standard Time,(UTC+09:30) Adelaide,(UTC+09:30) Adelaide
Brazil/Acre,-05,-05,America/Lima,NA,NA,NA,710,SA Pacific Standard Time,"(UTC-05:00) Bogota, Lima, Quito","(UTC-05:00) Bogota, Lima, Quito"
Brazil/East,-03,-03,America/Sao_Paulo,NA,NA,NA,910,E. South America Standard Time,(UTC-03:00) Brasilia,(UTC-03:00) Brasilia
Brazil/West,-04,-04,America/Caracas,NA,NA,NA,840,Venezuela Standard Time,(UTC-04:30) Caracas,(UTC-04:30) Caracas
CET,CET,CET,Europe/Paris,NA,NA,NA,1320,Romance Standard Time,"(UTC+01:00) Brussels, Copenhagen, Madrid, Paris","(UTC+01:00) Brussels, Copenhagen, Madrid, Paris"
CST6CDT,CT,CT,America/Chicago,NA,NA,NA,620,Central Standard Time,(UTC-06:00) Central Time (US and Canada),(UTC-06:00) Central Time (US and Canada)
Canada/Atlantic,AST,AST,America/Halifax,NA,NA,NA,800,Atlantic Standard Time,(UTC-04:00) Atlantic Time (Canada),(UTC-04:00) Atlantic Time (Canada)
Canada/Central,CT,CT,America/Chicago,NA,NA,NA,620,Central Standard Time,(UTC-06:00) Central Time (US and Canada),(UTC-06:00) Central Time (US and Canada)
Canada/Eastern,ET,ET,America/New_York,NA,NA,NA,700,Eastern Standard Time,(UTC-05:00) Eastern Time (US and Canada),(UTC-05:00) Eastern Time (US and Canada)
Canada/Mountain,MT,MT,America/Denver,NA,NA,NA,500,Mountain Standard Time,(UTC-07:00) Mountain Time (US and Canada),(UTC-07:00) Mountain Time (US and Canada)
Canada/Newfoundland,NST,NST,America/St_Johns,NA,NA,NA,900,Newfoundland Standard Time,(UTC-03:30) Newfoundland,(UTC-03:30) Newfoundland
Canada/Pacific,PT,PT,America/Los_Angeles,NA,NA,NA,400,Pacific Standard Time,(UTC-08:00) Pacific Time (US and Canada),(UTC-08:00) Pacific Time (US and Canada)
Canada/Saskatchewan,CT,CT,America/Mexico_City,NA,NA,NA,630,Central Standard Time (Mexico),"((UTC-06:00) Guadalajara, Mexico City, Monterrey","((UTC-06:00) Guadalajara, Mexico City, Monterrey"
Canada/Yukon,MT,MT,America/Phoenix,NA,NA,NA,520,US Mountain Standard Time,(UTC-07:00) Arizona,(UTC-07:00) Arizona
Chile/Continental,-03,-03,America/Santiago,NA,NA,NA,820,Pacific SA Standard Time,(UTC-04:00) Santiago,(UTC-04:00) Santiago
Cuba,CT,ET,America/New_York,NA,NA,NA,700,Eastern Standard Time,(UTC-05:00) Eastern Time (US and Canada),(UTC-05:00) Eastern Time (US and Canada)
EET,EET,EET,Europe/Athens,NA,NA,NA,1430,GTB Standard Time,"(UTC+02:00) Athens, Bucharest","(UTC+02:00) Athens, Bucharest"
EST,ET,-05,America/Lima,NA,NA,NA,710,SA Pacific Standard Time,"(UTC-05:00) Bogota, Lima, Quito","(UTC-05:00) Bogota, Lima, Quito"
EST5EDT,ET,ET,America/New_York,NA,NA,NA,700,Eastern Standard Time,(UTC-05:00) Eastern Time (US and Canada),(UTC-05:00) Eastern Time (US and Canada)
Egypt,EET,EET,Africa/Cairo,NA,NA,NA,1410,Egypt Standard Time,(UTC+02:00) Cairo,(UTC+02:00) Cairo
Eire,GMT,GMT,Europe/London,NA,NA,NA,1200,GMT Standard Time,"(UTC) Dublin, Edinburgh, Lisbon, London","(UTC) Dublin, Edinburgh, Lisbon, London"
Etc/GMT,GMT,GMT,Africa/Abidjan,1230,UTC,(UTC) Coordinated Universal Time,1210,Greenwich Standard Time,"(UTC) Monrovia, Reykjavik",(UTC) Coordinated Universal Time
Etc/GMT+0,GMT,GMT,Africa/Abidjan,NA,NA,NA,1210,Greenwich Standard Time,"(UTC) Monrovia, Reykjavik","(UTC) Monrovia, Reykjavik"
Etc/GMT+1,-01,-01,Atlantic/Cape_Verde,NA,NA,NA,NA,Cabo Verde Standard Time,(UTC-01:00) Cabo Verde Is.,(UTC-01:00) Cabo Verde Is.
Etc/GMT+10,-10,HST,Pacific/Honolulu,200,Hawaiian Standard Time,(UTC-10:00) Hawaii,200,Hawaiian Standard Time,(UTC-10:00) Hawaii,(UTC-10:00) Hawaii
Etc/GMT+3,-03,-03,America/Sao_Paulo,940,SA Eastern Standard Time,"(UTC-03:00) Cayenne, Fortaleza",910,E. South America Standard Time,(UTC-03:00) Brasilia,"(UTC-03:00) Cayenne, Fortaleza"
Etc/GMT+4,-04,-04,America/Caracas,830,SA Western Standard Time,"(UTC-04:00) Georgetown, La Paz, Manaus, San Juan",840,Venezuela Standard Time,(UTC-04:30) Caracas,"(UTC-04:00) Georgetown, La Paz, Manaus, San Juan"
Etc/GMT+5,-05,-05,America/Lima,710,SA Pacific Standard Time,"(UTC-05:00) Bogota, Lima, Quito",710,SA Pacific Standard Time,"(UTC-05:00) Bogota, Lima, Quito","(UTC-05:00) Bogota, Lima, Quito"
Etc/GMT+6,-06,CT,America/Mexico_City,610,Central America Standard Time,(UTC-06:00) Central America,630,Central Standard Time (Mexico),"((UTC-06:00) Guadalajara, Mexico City, Monterrey",(UTC-06:00) Central America
Etc/GMT+7,-07,MT,America/Phoenix,520,US Mountain Standard Time,(UTC-07:00) Arizona,520,US Mountain Standard Time,(UTC-07:00) Arizona,(UTC-07:00) Arizona
Etc/GMT-0,GMT,GMT,Africa/Abidjan,NA,NA,NA,1210,Greenwich Standard Time,"(UTC) Monrovia, Reykjavik","(UTC) Monrovia, Reykjavik"
Etc/GMT-1,+01,WAT,Africa/Lagos,1330,W. Central Africa Standard Time,(UTC+01:00) West Central Africa,1330,W. Central Africa Standard Time,(UTC+01:00) West Central Africa,(UTC+01:00) West Central Africa
Etc/GMT-10,+10,AEST,Australia/Brisbane,2240,West Pacific Standard Time,"(UTC+10:00) Guam, Port Moresby",2210,E. Australia Standard Time,(UTC+10:00) Brisbane,"(UTC+10:00) Guam, Port Moresby"
Etc/GMT-11,+11,+11,Asia/Magadan,2300,Central Pacific Standard Time,"(UTC+11:00) Solomon Is., New Caledonia",2310,Magadan Standard Time,(UTC+12:00) Magadan,"(UTC+11:00) Solomon Is., New Caledonia"
Etc/GMT-13,+13,+13,Pacific/Tongatapu,NA,NA,NA,2500,Tonga Standard Time,(UTC+13:00) Nuku'alofa,(UTC+13:00) Nuku'alofa
Etc/GMT-2,+02,SAST,Africa/Johannesburg,1470,South Africa Standard Time,"(UTC+02:00) Harare, Pretoria",1470,South Africa Standard Time,"(UTC+02:00) Harare, Pretoria","(UTC+02:00) Harare, Pretoria"
Etc/GMT-3,+03,MSK,Europe/Moscow,1520,E. Africa Standard Time,(UTC+03:00) Nairobi,1540,Russian Standard Time,"(UTC+04:00) Moscow, St. Petersburg, Volgograd",(UTC+03:00) Nairobi
Etc/GMT-4,+04,+04,Asia/Dubai,1600,Arabian Standard Time,"(UTC+04:00) Abu Dhabi, Muscat",1600,Arabian Standard Time,"(UTC+04:00) Abu Dhabi, Muscat","(UTC+04:00) Abu Dhabi, Muscat"
Etc/GMT-5,+05,PKT,Asia/Karachi,1710,West Asia Standard Time,(UTC+05:00) Tashkent,1750,Pakistan Standard Time,"(UTC+05:00) Islamabad, Karachi",(UTC+05:00) Tashkent
Etc/GMT-6,+06,+06,Asia/Dhaka,1800,Central Asia Standard Time,(UTC+06:00) Astana,1830,Bangladesh Standard Time,(UTC+06:00) Dhaka,(UTC+06:00) Astana
Etc/GMT-7,+07,WIB,Asia/Jakarta,1910,SE Asia Standard Time,"(UTC+07:00) Bangkok, Hanoi, Jakarta",1910,SE Asia Standard Time,"(UTC+07:00) Bangkok, Hanoi, Jakarta","(UTC+07:00) Bangkok, Hanoi, Jakarta"
Etc/GMT-8,+08,PT,Asia/Manila,2020,Singapore Standard Time,"(UTC+08:00) Kuala Lumpur, Singapore",2020,Singapore Standard Time,"(UTC+08:00) Kuala Lumpur, Singapore","(UTC+08:00) Kuala Lumpur, Singapore"
Etc/GMT-9,+09,JST,Asia/Tokyo,2110,Tokyo Standard Time,"(UTC+09:00) Osaka, Sapporo, Tokyo",2110,Tokyo Standard Time,"(UTC+09:00) Osaka, Sapporo, Tokyo","(UTC+09:00) Osaka, Sapporo, Tokyo"
Etc/GMT0,GMT,GMT,Africa/Abidjan,NA,NA,NA,1210,Greenwich Standard Time,"(UTC) Monrovia, Reykjavik","(UTC) Monrovia, Reykjavik"
Etc/Greenwich,GMT,GMT,Africa/Abidjan,NA,NA,NA,1210,Greenwich Standard Time,"(UTC) Monrovia, Reykjavik","(UTC) Monrovia, Reykjavik"
Etc/UCT,UTC,GMT,Africa/Abidjan,NA,NA,NA,1210,Greenwich Standard Time,"(UTC) Monrovia, Reykjavik","(UTC) Monrovia, Reykjavik"
Etc/Universal,UTC,GMT,Africa/Abidjan,NA,NA,NA,1210,Greenwich Standard Time,"(UTC) Monrovia, Reykjavik","(UTC) Monrovia, Reykjavik"
Etc/Zulu,UTC,GMT,Africa/Abidjan,NA,NA,NA,1210,Greenwich Standard Time,"(UTC) Monrovia, Reykjavik","(UTC) Monrovia, Reykjavik"
Europe/Amsterdam,CET,CET,Europe/Paris,1340,W. Europe Standard Time,"(UTC+01:00) Amsterdam, Berlin, Bern, Rome, Stockholm, Vienna",1320,Romance Standard Time,"(UTC+01:00) Brussels, Copenhagen, Madrid, Paris","(UTC+01:00) Amsterdam, Berlin, Bern, Rome, Stockholm, Vienna"
Europe/Andorra,CET,CET,Europe/Paris,1340,W. Europe Standard Time,"(UTC+01:00) Amsterdam, Berlin, Bern, Rome, Stockholm, Vienna",1320,Romance Standard Time,"(UTC+01:00) Brussels, Copenhagen, Madrid, Paris","(UTC+01:00) Amsterdam, Berlin, Bern, Rome, Stockholm, Vienna"
Europe/Astrakhan,+04,+04,Asia/Dubai,NA,NA,NA,1600,Arabian Standard Time,"(UTC+04:00) Abu Dhabi, Muscat","(UTC+04:00) Abu Dhabi, Muscat"
Europe/Belfast,GMT,GMT,Europe/London,NA,NA,NA,1200,GMT Standard Time,"(UTC) Dublin, Edinburgh, Lisbon, London","(UTC) Dublin, Edinburgh, Lisbon, London"
Europe/Belgrade,CET,CET,Europe/Paris,1300,Central Europe Standard Time,"(UTC+01:00) Belgrade, Bratislava, Budapest, Ljubljana, Prague",1320,Romance Standard Time,"(UTC+01:00) Brussels, Copenhagen, Madrid, Paris","(UTC+01:00) Belgrade, Bratislava, Budapest, Ljubljana, Prague"
Europe/Berlin,CET,CET,Europe/Paris,1340,W. Europe Standard Time,"(UTC+01:00) Amsterdam, Berlin, Bern, Rome, Stockholm, Vienna",1320,Romance Standard Time,"(UTC+01:00) Brussels, Copenhagen, Madrid, Paris","(UTC+01:00) Amsterdam, Berlin, Bern, Rome, Stockholm, Vienna"
Europe/Bratislava,CET,CET,Europe/Paris,1300,Central Europe Standard Time,"(UTC+01:00) Belgrade, Bratislava, Budapest, Ljubljana, Prague",1320,Romance Standard Time,"(UTC+01:00) Brussels, Copenhagen, Madrid, Paris","(UTC+01:00) Belgrade, Bratislava, Budapest, Ljubljana, Prague"
Europe/Brussels,CET,CET,Europe/Paris,1320,Romance Standard Time,"(UTC+01:00) Brussels, Copenhagen, Madrid, Paris",1320,Romance Standard Time,"(UTC+01:00) Brussels, Copenhagen, Madrid, Paris","(UTC+01:00) Brussels, Copenhagen, Madrid, Paris"
Europe/Bucharest,EET,EET,Europe/Athens,1430,GTB Standard Time,"(UTC+02:00) Athens, Bucharest",1430,GTB Standard Time,"(UTC+02:00) Athens, Bucharest","(UTC+02:00) Athens, Bucharest"
Europe/Budapest,CET,CET,Europe/Paris,1300,Central Europe Standard Time,"(UTC+01:00) Belgrade, Bratislava, Budapest, Ljubljana, Prague",1320,Romance Standard Time,"(UTC+01:00) Brussels, Copenhagen, Madrid, Paris","(UTC+01:00) Belgrade, Bratislava, Budapest, Ljubljana, Prague"
Europe/Busingen,CET,CET,Europe/Paris,1340,W. Europe Standard Time,"(UTC+01:00) Amsterdam, Berlin, Bern, Rome, Stockholm, Vienna",1320,Romance Standard Time,"(UTC+01:00) Brussels, Copenhagen, Madrid, Paris","(UTC+01:00) Amsterdam, Berlin, Bern, Rome, Stockholm, Vienna"
Europe/Copenhagen,CET,CET,Europe/Paris,1320,Romance Standard Time,"(UTC+01:00) Brussels, Copenhagen, Madrid, Paris",1320,Romance Standard Time,"(UTC+01:00) Brussels, Copenhagen, Madrid, Paris","(UTC+01:00) Brussels, Copenhagen, Madrid, Paris"
Europe/Gibraltar,CET,CET,Europe/Paris,1340,W. Europe Standard Time,"(UTC+01:00) Amsterdam, Berlin, Bern, Rome, Stockholm, Vienna",1320,Romance Standard Time,"(UTC+01:00) Brussels, Copenhagen, Madrid, Paris","(UTC+01:00) Amsterdam, Berlin, Bern, Rome, Stockholm, Vienna"
Europe/Guernsey,GMT,GMT,Europe/London,1200,GMT Standard Time,"(UTC) Dublin, Edinburgh, Lisbon, London",1200,GMT Standard Time,"(UTC) Dublin, Edinburgh, Lisbon, London","(UTC) Dublin, Edinburgh, Lisbon, London"
Europe/Helsinki,EET,EET,Europe/Athens,1420,FLE Standard Time,"(UTC+02:00) Helsinki, Kyiv, Riga, Sofia, Tallinn, Vilnius",1430,GTB Standard Time,"(UTC+02:00) Athens, Bucharest","(UTC+02:00) Helsinki, Kyiv, Riga, Sofia, Tallinn, Vilnius"
Europe/Isle_of_Man,GMT,GMT,Europe/London,1200,GMT Standard Time,"(UTC) Dublin, Edinburgh, Lisbon, London",1200,GMT Standard Time,"(UTC) Dublin, Edinburgh, Lisbon, London","(UTC) Dublin, Edinburgh, Lisbon, London"
Europe/Istanbul,+03,MSK,Europe/Moscow,1490,Turkey Standard Time,(UTC+02:00) Istanbul,1540,Russian Standard Time,"(UTC+04:00) Moscow, St. Petersburg, Volgograd",(UTC+02:00) Istanbul
Europe/Jersey,GMT,GMT,Europe/London,1200,GMT Standard Time,"(UTC) Dublin, Edinburgh, Lisbon, London",1200,GMT Standard Time,"(UTC) Dublin, Edinburgh, Lisbon, London","(UTC) Dublin, Edinburgh, Lisbon, London"
Europe/Kaliningrad,EET,SAST,Africa/Johannesburg,1530,Kaliningrad Standard Time,(UTC+03:00) Kaliningrad,1470,South Africa Standard Time,"(UTC+02:00) Harare, Pretoria",(UTC+03:00) Kaliningrad
Europe/Kiev,EET,EET,Europe/Athens,1420,FLE Standard Time,"(UTC+02:00) Helsinki, Kyiv, Riga, Sofia, Tallinn, Vilnius",1430,GTB Standard Time,"(UTC+02:00) Athens, Bucharest","(UTC+02:00) Helsinki, Kyiv, Riga, Sofia, Tallinn, Vilnius"
Europe/Kirov,MSK,MSK,Europe/Moscow,1540,Russian Standard Time,"(UTC+04:00) Moscow, St. Petersburg, Volgograd",1540,Russian Standard Time,"(UTC+04:00) Moscow, St. Petersburg, Volgograd","(UTC+04:00) Moscow, St. Petersburg, Volgograd"
Europe/Kyiv,EET,EET,Europe/Athens,NA,NA,NA,1430,GTB Standard Time,"(UTC+02:00) Athens, Bucharest","(UTC+02:00) Athens, Bucharest"
Europe/Ljubljana,CET,CET,Europe/Paris,1300,Central Europe Standard Time,"(UTC+01:00) Belgrade, Bratislava, Budapest, Ljubljana, Prague",1320,Romance Standard Time,"(UTC+01:00) Brussels, Copenhagen, Madrid, Paris","(UTC+01:00) Belgrade, Bratislava, Budapest, Ljubljana, Prague"
Europe/Luxembourg,CET,CET,Europe/Paris,1340,W. Europe Standard Time,"(UTC+01:00) Amsterdam, Berlin, Bern, Rome, Stockholm, Vienna",1320,Romance Standard Time,"(UTC+01:00) Brussels, Copenhagen, Madrid, Paris","(UTC+01:00) Amsterdam, Berlin, Bern, Rome, Stockholm, Vienna"
Europe/Madrid,CET,CET,Europe/Paris,1320,Romance Standard Time,"(UTC+01:00) Brussels, Copenhagen, Madrid, Paris",1320,Romance Standard Time,"(UTC+01:00) Brussels, Copenhagen, Madrid, Paris","(UTC+01:00) Brussels, Copenhagen, Madrid, Paris"
Europe/Malta,CET,CET,Europe/Paris,1340,W. Europe Standard Time,"(UTC+01:00) Amsterdam, Berlin, Bern, Rome, Stockholm, Vienna",1320,Romance Standard Time,"(UTC+01:00) Brussels, Copenhagen, Madrid, Paris","(UTC+01:00) Amsterdam, Berlin, Bern, Rome, Stockholm, Vienna"
Europe/Mariehamn,EET,EET,Europe/Athens,1420,FLE Standard Time,"(UTC+02:00) Helsinki, Kyiv, Riga, Sofia, Tallinn, Vilnius",1430,GTB Standard Time,"(UTC+02:00) Athens, Bucharest","(UTC+02:00) Helsinki, Kyiv, Riga, Sofia, Tallinn, Vilnius"
Europe/Minsk,+03,MSK,Europe/Moscow,NA,NA,NA,1540,Russian Standard Time,"(UTC+04:00) Moscow, St. Petersburg, Volgograd","(UTC+04:00) Moscow, St. Petersburg, Volgograd"
Europe/Monaco,CET,CET,Europe/Paris,1340,W. Europe Standard Time,"(UTC+01:00) Amsterdam, Berlin, Bern, Rome, Stockholm, Vienna",1320,Romance Standard Time,"(UTC+01:00) Brussels, Copenhagen, Madrid, Paris","(UTC+01:00) Amsterdam, Berlin, Bern, Rome, Stockholm, Vienna"
Europe/Nicosia,EET,EET,Europe/Athens,NA,NA,NA,1430,GTB Standard Time,"(UTC+02:00) Athens, Bucharest","(UTC+02:00) Athens, Bucharest"
Europe/Oslo,CET,CET,Europe/Paris,1340,W. Europe Standard Time,"(UTC+01:00) Amsterdam, Berlin, Bern, Rome, Stockholm, Vienna",1320,Romance Standard Time,"(UTC+01:00) Brussels, Copenhagen, Madrid, Paris","(UTC+01:00) Amsterdam, Berlin, Bern, Rome, Stockholm, Vienna"
Europe/Podgorica,CET,CET,Europe/Paris,1300,Central Europe Standard Time,"(UTC+01:00) Belgrade, Bratislava, Budapest, Ljubljana, Prague",1320,Romance Standard Time,"(UTC+01:00) Brussels, Copenhagen, Madrid, Paris","(UTC+01:00) Belgrade, Bratislava, Budapest, Ljubljana, Prague"
Europe/Prague,CET,CET,Europe/Paris,1300,Central Europe Standard Time,"(UTC+01:00) Belgrade, Bratislava, Budapest, Ljubljana, Prague",1320,Romance Standard Time,"(UTC+01:00) Brussels, Copenhagen, Madrid, Paris","(UTC+01:00) Belgrade, Bratislava, Budapest, Ljubljana, Prague"
Europe/Riga,EET,EET,Europe/Athens,1420,FLE Standard Time,"(UTC+02:00) Helsinki, Kyiv, Riga, Sofia, Tallinn, Vilnius",1430,GTB Standard Time,"(UTC+02:00) Athens, Bucharest","(UTC+02:00) Helsinki, Kyiv, Riga, Sofia, Tallinn, Vilnius"
Europe/Rome,CET,CET,Europe/Paris,1340,W. Europe Standard Time,"(UTC+01:00) Amsterdam, Berlin, Bern, Rome, Stockholm, Vienna",1320,Romance Standard Time,"(UTC+01:00) Brussels, Copenhagen, Madrid, Paris","(UTC+01:00) Amsterdam, Berlin, Bern, Rome, Stockholm, Vienna"
Europe/Samara,+04,+04,Asia/Dubai,NA,NA,NA,1600,Arabian Standard Time,"(UTC+04:00) Abu Dhabi, Muscat","(UTC+04:00) Abu Dhabi, Muscat"
Europe/San_Marino,CET,CET,Europe/Paris,1340,W. Europe Standard Time,"(UTC+01:00) Amsterdam, Berlin, Bern, Rome, Stockholm, Vienna",1320,Romance Standard Time,"(UTC+01:00) Brussels, Copenhagen, Madrid, Paris","(UTC+01:00) Amsterdam, Berlin, Bern, Rome, Stockholm, Vienna"
Europe/Sarajevo,CET,CET,Europe/Paris,1310,Central European Standard Time,"(UTC+01:00) Sarajevo, Skopje, Warsaw, Zagreb",1320,Romance Standard Time,"(UTC+01:00) Brussels, Copenhagen, Madrid, Paris","(UTC+01:00) Sarajevo, Skopje, Warsaw, Zagreb"
Europe/Saratov,+04,+04,Asia/Dubai,NA,NA,NA,1600,Arabian Standard Time,"(UTC+04:00) Abu Dhabi, Muscat","(UTC+04:00) Abu Dhabi, Muscat"
Europe/Simferopol,MSK,MSK,Europe/Moscow,1540,Russian Standard Time,"(UTC+04:00) Moscow, St. Petersburg, Volgograd",1540,Russian Standard Time,"(UTC+04:00) Moscow, St. Petersburg, Volgograd","(UTC+04:00) Moscow, St. Petersburg, Volgograd"
Europe/Skopje,CET,CET,Europe/Paris,1310,Central European Standard Time,"(UTC+01:00) Sarajevo, Skopje, Warsaw, Zagreb",1320,Romance Standard Time,"(UTC+01:00) Brussels, Copenhagen, Madrid, Paris","(UTC+01:00) Sarajevo, Skopje, Warsaw, Zagreb"
Europe/Sofia,EET,EET,Europe/Athens,1420,FLE Standard Time,"(UTC+02:00) Helsinki, Kyiv, Riga, Sofia, Tallinn, Vilnius",1430,GTB Standard Time,"(UTC+02:00) Athens, Bucharest","(UTC+02:00) Helsinki, Kyiv, Riga, Sofia, Tallinn, Vilnius"
Europe/Stockholm,CET,CET,Europe/Paris,1340,W. Europe Standard Time,"(UTC+01:00) Amsterdam, Berlin, Bern, Rome, Stockholm, Vienna",1320,Romance Standard Time,"(UTC+01:00) Brussels, Copenhagen, Madrid, Paris","(UTC+01:00) Amsterdam, Berlin, Bern, Rome, Stockholm, Vienna"
Europe/Tallinn,EET,EET,Europe/Athens,1420,FLE Standard Time,"(UTC+02:00) Helsinki, Kyiv, Riga, Sofia, Tallinn, Vilnius",1430,GTB Standard Time,"(UTC+02:00) Athens, Bucharest","(UTC+02:00) Helsinki, Kyiv, Riga, Sofia, Tallinn, Vilnius"
Europe/Tirane,CET,CET,Europe/Paris,1300,Central Europe Standard Time,"(UTC+01:00) Belgrade, Bratislava, Budapest, Ljubljana, Prague",1320,Romance Standard Time,"(UTC+01:00) Brussels, Copenhagen, Madrid, Paris","(UTC+01:00) Belgrade, Bratislava, Budapest, Ljubljana, Prague"
Europe/Tiraspol,EET,EET,Europe/Athens,NA,NA,NA,1430,GTB Standard Time,"(UTC+02:00) Athens, Bucharest","(UTC+02:00) Athens, Bucharest"
Europe/Ulyanovsk,+04,+04,Asia/Dubai,NA,NA,NA,1600,Arabian Standard Time,"(UTC+04:00) Abu Dhabi, Muscat","(UTC+04:00) Abu Dhabi, Muscat"
Europe/Uzhgorod,EET,EET,Europe/Athens,NA,NA,NA,1430,GTB Standard Time,"(UTC+02:00) Athens, Bucharest","(UTC+02:00) Athens, Bucharest"
Europe/Vaduz,CET,CET,Europe/Paris,1340,W. Europe Standard Time,"(UTC+01:00) Amsterdam, Berlin, Bern, Rome, Stockholm, Vienna",1320,Romance Standard Time,"(UTC+01:00) Brussels, Copenhagen, Madrid, Paris","(UTC+01:00) Amsterdam, Berlin, Bern, Rome, Stockholm, Vienna"
Europe/Vatican,CET,CET,Europe/Paris,1340,W. Europe Standard Time,"(UTC+01:00) Amsterdam, Berlin, Bern, Rome, Stockholm, Vienna",1320,Romance Standard Time,"(UTC+01:00) Brussels, Copenhagen, Madrid, Paris","(UTC+01:00) Amsterdam, Berlin, Bern, Rome, Stockholm, Vienna"
Europe/Vienna,CET,CET,Europe/Paris,1340,W. Europe Standard Time,"(UTC+01:00) Amsterdam, Berlin, Bern, Rome, Stockholm, Vienna",1320,Romance Standard Time,"(UTC+01:00) Brussels, Copenhagen, Madrid, Paris","(UTC+01:00) Amsterdam, Berlin, Bern, Rome, Stockholm, Vienna"
Europe/Vilnius,EET,EET,Europe/Athens,1420,FLE Standard Time,"(UTC+02:00) Helsinki, Kyiv, Riga, Sofia, Tallinn, Vilnius",1430,GTB Standard Time,"(UTC+02:00) Athens, Bucharest","(UTC+02:00) Helsinki, Kyiv, Riga, Sofia, Tallinn, Vilnius"
Europe/Volgograd,MSK,MSK,Europe/Moscow,NA,NA,NA,1540,Russian Standard Time,"(UTC+04:00) Moscow, St. Petersburg, Volgograd","(UTC+04:00) Moscow, St. Petersburg, Volgograd"
Europe/Warsaw,CET,CET,Europe/Paris,1310,Central European Standard Time,"(UTC+01:00) Sarajevo, Skopje, Warsaw, Zagreb",1320,Romance Standard Time,"(UTC+01:00) Brussels, Copenhagen, Madrid, Paris","(UTC+01:00) Sarajevo, Skopje, Warsaw, Zagreb"
Europe/Zagreb,CET,CET,Europe/Paris,1310,Central European Standard Time,"(UTC+01:00) Sarajevo, Skopje, Warsaw, Zagreb",1320,Romance Standard Time,"(UTC+01:00) Brussels, Copenhagen, Madrid, Paris","(UTC+01:00) Sarajevo, Skopje, Warsaw, Zagreb"
Europe/Zaporozhye,EET,EET,Europe/Athens,NA,NA,NA,1430,GTB Standard Time,"(UTC+02:00) Athens, Bucharest","(UTC+02:00) Athens, Bucharest"
Europe/Zurich,CET,CET,Europe/Paris,1340,W. Europe Standard Time,"(UTC+01:00) Amsterdam, Berlin, Bern, Rome, Stockholm, Vienna",1320,Romance Standard Time,"(UTC+01:00) Brussels, Copenhagen, Madrid, Paris","(UTC+01:00) Amsterdam, Berlin, Bern, Rome, Stockholm, Vienna"
GB,GMT,GMT,Europe/London,NA,NA,NA,1200,GMT Standard Time,"(UTC) Dublin, Edinburgh, Lisbon, London","(UTC) Dublin, Edinburgh, Lisbon, London"
GB-Eire,GMT,GMT,Europe/London,NA,NA,NA,1200,GMT Standard Time,"(UTC) Dublin, Edinburgh, Lisbon, London","(UTC) Dublin, Edinburgh, Lisbon, London"
GMT,GMT,GMT,Africa/Abidjan,NA,NA,NA,1210,Greenwich Standard Time,"(UTC) Monrovia, Reykjavik","(UTC) Monrovia, Reykjavik"
GMT+0,GMT,GMT,Africa/Abidjan,NA,NA,NA,1210,Greenwich Standard Time,"(UTC) Monrovia, Reykjavik","(UTC) Monrovia, Reykjavik"
GMT-0,GMT,GMT,Africa/Abidjan,NA,NA,NA,1210,Greenwich Standard Time,"(UTC) Monrovia, Reykjavik","(UTC) Monrovia, Reykjavik"
GMT0,GMT,GMT,Africa/Abidjan,NA,NA,NA,1210,Greenwich Standard Time,"(UTC) Monrovia, Reykjavik","(UTC) Monrovia, Reykjavik"
Greenwich,GMT,GMT,Africa/Abidjan,NA,NA,NA,1210,Greenwich Standard Time,"(UTC) Monrovia, Reykjavik","(UTC) Monrovia, Reykjavik"
HST,HST,HST,Pacific/Honolulu,NA,NA,NA,200,Hawaiian Standard Time,(UTC-10:00) Hawaii,(UTC-10:00) Hawaii
Hongkong,HKT,PT,Asia/Manila,NA,NA,NA,2020,Singapore Standard Time,"(UTC+08:00) Kuala Lumpur, Singapore","(UTC+08:00) Kuala Lumpur, Singapore"
Iceland,GMT,GMT,Africa/Abidjan,NA,NA,NA,1210,Greenwich Standard Time,"(UTC) Monrovia, Reykjavik","(UTC) Monrovia, Reykjavik"
Indian/Antananarivo,EAT,MSK,Europe/Moscow,1520,E. Africa Standard Time,(UTC+03:00) Nairobi,1540,Russian Standard Time,"(UTC+04:00) Moscow, St. Petersburg, Volgograd",(UTC+03:00) Nairobi
Indian/Chagos,+06,+06,Asia/Dhaka,1800,Central Asia Standard Time,(UTC+06:00) Astana,1830,Bangladesh Standard Time,(UTC+06:00) Dhaka,(UTC+06:00) Astana
Indian/Christmas,+07,WIB,Asia/Jakarta,1910,SE Asia Standard Time,"(UTC+07:00) Bangkok, Hanoi, Jakarta",1910,SE Asia Standard Time,"(UTC+07:00) Bangkok, Hanoi, Jakarta","(UTC+07:00) Bangkok, Hanoi, Jakarta"
Indian/Cocos,+0630,+0630,Asia/Yangon,1820,Myanmar Standard Time,(UTC+06:30) Yangon (Rangoon),NA,Myanmar Standard Time,(UTC+06:30) Yangon (Rangoon),(UTC+06:30) Yangon (Rangoon)
Indian/Comoro,EAT,MSK,Europe/Moscow,1520,E. Africa Standard Time,(UTC+03:00) Nairobi,1540,Russian Standard Time,"(UTC+04:00) Moscow, St. Petersburg, Volgograd",(UTC+03:00) Nairobi
Indian/Kerguelen,+05,PKT,Asia/Karachi,1710,West Asia Standard Time,(UTC+05:00) Tashkent,1750,Pakistan Standard Time,"(UTC+05:00) Islamabad, Karachi",(UTC+05:00) Tashkent
Indian/Mahe,+04,+04,Asia/Dubai,1650,Mauritius Standard Time,(UTC+04:00) Port Louis,1600,Arabian Standard Time,"(UTC+04:00) Abu Dhabi, Muscat",(UTC+04:00) Port Louis
Indian/Maldives,+05,PKT,Asia/Karachi,1710,West Asia Standard Time,(UTC+05:00) Tashkent,1750,Pakistan Standard Time,"(UTC+05:00) Islamabad, Karachi",(UTC+05:00) Tashkent
Indian/Mauritius,+04,+04,Asia/Dubai,1650,Mauritius Standard Time,(UTC+04:00) Port Louis,1600,Arabian Standard Time,"(UTC+04:00) Abu Dhabi, Muscat",(UTC+04:00) Port Louis
Indian/Mayotte,EAT,MSK,Europe/Moscow,1520,E. Africa Standard Time,(UTC+03:00) Nairobi,1540,Russian Standard Time,"(UTC+04:00) Moscow, St. Petersburg, Volgograd",(UTC+03:00) Nairobi
Indian/Reunion,+04,+04,Asia/Dubai,1650,Mauritius Standard Time,(UTC+04:00) Port Louis,1600,Arabian Standard Time,"(UTC+04:00) Abu Dhabi, Muscat",(UTC+04:00) Port Louis
Iran,+0330,+0330,Asia/Tehran,NA,NA,NA,1550,Iran Standard Time,(UTC+03:30) Tehran,(UTC+03:30) Tehran
Israel,IST,EET,Europe/Athens,NA,NA,NA,1430,GTB Standard Time,"(UTC+02:00) Athens, Bucharest","(UTC+02:00) Athens, Bucharest"
Jamaica,ET,-05,America/Lima,NA,NA,NA,710,SA Pacific Standard Time,"(UTC-05:00) Bogota, Lima, Quito","(UTC-05:00) Bogota, Lima, Quito"
Japan,JST,JST,Asia/Tokyo,NA,NA,NA,2110,Tokyo Standard Time,"(UTC+09:00) Osaka, Sapporo, Tokyo","(UTC+09:00) Osaka, Sapporo, Tokyo"
Kwajalein,+12,+12,Pacific/Fiji,NA,NA,NA,2400,Fiji Standard Time,(UTC+12:00) Fiji,(UTC+12:00) Fiji
Libya,EET,SAST,Africa/Johannesburg,NA,NA,NA,1470,South Africa Standard Time,"(UTC+02:00) Harare, Pretoria","(UTC+02:00) Harare, Pretoria"
MET,MET,CET,Europe/Paris,NA,NA,NA,1320,Romance Standard Time,"(UTC+01:00) Brussels, Copenhagen, Madrid, Paris","(UTC+01:00) Brussels, Copenhagen, Madrid, Paris"
MST,MT,MT,America/Phoenix,NA,NA,NA,520,US Mountain Standard Time,(UTC-07:00) Arizona,(UTC-07:00) Arizona
MST7MDT,MT,MT,America/Denver,NA,NA,NA,500,Mountain Standard Time,(UTC-07:00) Mountain Time (US and Canada),(UTC-07:00) Mountain Time (US and Canada)
Mexico/BajaNorte,PT,PT,America/Los_Angeles,NA,NA,NA,400,Pacific Standard Time,(UTC-08:00) Pacific Time (US and Canada),(UTC-08:00) Pacific Time (US and Canada)
Mexico/BajaSur,MT,MT,America/Phoenix,NA,NA,NA,520,US Mountain Standard Time,(UTC-07:00) Arizona,(UTC-07:00) Arizona
Mexico/General,CT,CT,America/Mexico_City,NA,NA,NA,630,Central Standard Time (Mexico),"((UTC-06:00) Guadalajara, Mexico City, Monterrey","((UTC-06:00) Guadalajara, Mexico City, Monterrey"
NZ,NZST,NZST,Pacific/Auckland,NA,NA,NA,2410,New Zealand Standard Time,"(UTC+12:00) Auckland, Wellington","(UTC+12:00) Auckland, Wellington"
Navajo,MT,MT,America/Denver,NA,NA,NA,500,Mountain Standard Time,(UTC-07:00) Mountain Time (US and Canada),(UTC-07:00) Mountain Time (US and Canada)
PRC,CT,PT,Asia/Manila,NA,NA,NA,2020,Singapore Standard Time,"(UTC+08:00) Kuala Lumpur, Singapore","(UTC+08:00) Kuala Lumpur, Singapore"
PST8PDT,PT,PT,America/Los_Angeles,NA,NA,NA,400,Pacific Standard Time,(UTC-08:00) Pacific Time (US and Canada),(UTC-08:00) Pacific Time (US and Canada)
Pacific/Apia,+13,+13,Pacific/Tongatapu,2510,Samoa Standard Time,(UTC-11:00)Samoa,2500,Tonga Standard Time,(UTC+13:00) Nuku'alofa,(UTC-11:00)Samoa
Pacific/Bougainville,+11,+11,Asia/Magadan,NA,NA,NA,2310,Magadan Standard Time,(UTC+12:00) Magadan,(UTC+12:00) Magadan
Pacific/Chuuk,+10,AEST,Australia/Brisbane,NA,NA,NA,2210,E. Australia Standard Time,(UTC+10:00) Brisbane,(UTC+10:00) Brisbane
Pacific/Efate,+11,+11,Asia/Magadan,2300,Central Pacific Standard Time,"(UTC+11:00) Solomon Is., New Caledonia",2310,Magadan Standard Time,(UTC+12:00) Magadan,"(UTC+11:00) Solomon Is., New Caledonia"
Pacific/Enderbury,+13,+13,Pacific/Tongatapu,NA,NA,NA,2500,Tonga Standard Time,(UTC+13:00) Nuku'alofa,(UTC+13:00) Nuku'alofa
Pacific/Fakaofo,+13,+13,Pacific/Tongatapu,NA,NA,NA,2500,Tonga Standard Time,(UTC+13:00) Nuku'alofa,(UTC+13:00) Nuku'alofa
Pacific/Funafuti,+12,+12,Pacific/Fiji,2430,UTC+12,(UTC+12:00) Coordinated Universal Time +12,2400,Fiji Standard Time,(UTC+12:00) Fiji,(UTC+12:00) Coordinated Universal Time +12
Pacific/Galapagos,-06,CT,America/Mexico_City,610,Central America Standard Time,(UTC-06:00) Central America,630,Central Standard Time (Mexico),"((UTC-06:00) Guadalajara, Mexico City, Monterrey",(UTC-06:00) Central America
Pacific/Guadalcanal,+11,+11,Asia/Magadan,2300,Central Pacific Standard Time,"(UTC+11:00) Solomon Is., New Caledonia",2310,Magadan Standard Time,(UTC+12:00) Magadan,"(UTC+11:00) Solomon Is., New Caledonia"
Pacific/Guam,ChST,AEST,Australia/Brisbane,2240,West Pacific Standard Time,"(UTC+10:00) Guam, Port Moresby",2210,E. Australia Standard Time,(UTC+10:00) Brisbane,"(UTC+10:00) Guam, Port Moresby"
Pacific/Johnston,HST,HST,Pacific/Honolulu,NA,NA,NA,200,Hawaiian Standard Time,(UTC-10:00) Hawaii,(UTC-10:00) Hawaii
Pacific/Kanton,+13,+13,Pacific/Tongatapu,NA,NA,NA,2500,Tonga Standard Time,(UTC+13:00) Nuku'alofa,(UTC+13:00) Nuku'alofa
Pacific/Kosrae,+11,+11,Asia/Magadan,2300,Central Pacific Standard Time,"(UTC+11:00) Solomon Is., New Caledonia",2310,Magadan Standard Time,(UTC+12:00) Magadan,"(UTC+11:00) Solomon Is., New Caledonia"
Pacific/Kwajalein,+12,+12,Pacific/Fiji,2430,UTC+12,(UTC+12:00) Coordinated Universal Time +12,2400,Fiji Standard Time,(UTC+12:00) Fiji,(UTC+12:00) Coordinated Universal Time +12
Pacific/Majuro,+12,+12,Pacific/Fiji,2430,UTC+12,(UTC+12:00) Coordinated Universal Time +12,2400,Fiji Standard Time,(UTC+12:00) Fiji,(UTC+12:00) Coordinated Universal Time +12
Pacific/Nauru,+12,+12,Pacific/Fiji,2430,UTC+12,(UTC+12:00) Coordinated Universal Time +12,2400,Fiji Standard Time,(UTC+12:00) Fiji,(UTC+12:00) Coordinated Universal Time +12
Pacific/Noumea,+11,+11,Asia/Magadan,2300,Central Pacific Standard Time,"(UTC+11:00) Solomon Is., New Caledonia",2310,Magadan Standard Time,(UTC+12:00) Magadan,"(UTC+11:00) Solomon Is., New Caledonia"
Pacific/Palau,+09,JST,Asia/Tokyo,2110,Tokyo Standard Time,"(UTC+09:00) Osaka, Sapporo, Tokyo",2110,Tokyo Standard Time,"(UTC+09:00) Osaka, Sapporo, Tokyo","(UTC+09:00) Osaka, Sapporo, Tokyo"
Pacific/Pohnpei,+11,+11,Asia/Magadan,NA,NA,NA,2310,Magadan Standard Time,(UTC+12:00) Magadan,(UTC+12:00) Magadan
Pacific/Ponape,+11,+11,Asia/Magadan,2300,Central Pacific Standard Time,"(UTC+11:00) Solomon Is., New Caledonia",2310,Magadan Standard Time,(UTC+12:00) Magadan,"(UTC+11:00) Solomon Is., New Caledonia"
Pacific/Port_Moresby,+10,AEST,Australia/Brisbane,2240,West Pacific Standard Time,"(UTC+10:00) Guam, Port Moresby",2210,E. Australia Standard Time,(UTC+10:00) Brisbane,"(UTC+10:00) Guam, Port Moresby"
Pacific/Rarotonga,-10,HST,Pacific/Honolulu,200,Hawaiian Standard Time,(UTC-10:00) Hawaii,200,Hawaiian Standard Time,(UTC-10:00) Hawaii,(UTC-10:00) Hawaii
Pacific/Saipan,ChST,AEST,Australia/Brisbane,2240,West Pacific Standard Time,"(UTC+10:00) Guam, Port Moresby",2210,E. Australia Standard Time,(UTC+10:00) Brisbane,"(UTC+10:00) Guam, Port Moresby"
Pacific/Tahiti,-10,HST,Pacific/Honolulu,200,Hawaiian Standard Time,(UTC-10:00) Hawaii,200,Hawaiian Standard Time,(UTC-10:00) Hawaii,(UTC-10:00) Hawaii
Pacific/Tarawa,+12,+12,Pacific/Fiji,2430,UTC+12,(UTC+12:00) Coordinated Universal Time +12,2400,Fiji Standard Time,(UTC+12:00) Fiji,(UTC+12:00) Coordinated Universal Time +12
Pacific/Truk,+10,AEST,Australia/Brisbane,2240,West Pacific Standard Time,"(UTC+10:00) Guam, Port Moresby",2210,E. Australia Standard Time,(UTC+10:00) Brisbane,"(UTC+10:00) Guam, Port Moresby"
Pacific/Wake,+12,+12,Pacific/Fiji,2430,UTC+12,(UTC+12:00) Coordinated Universal Time +12,2400,Fiji Standard Time,(UTC+12:00) Fiji,(UTC+12:00) Coordinated Universal Time +12
Pacific/Wallis,+12,+12,Pacific/Fiji,2430,UTC+12,(UTC+12:00) Coordinated Universal Time +12,2400,Fiji Standard Time,(UTC+12:00) Fiji,(UTC+12:00) Coordinated Universal Time +12
Pacific/Yap,+10,AEST,Australia/Brisbane,NA,NA,NA,2210,E. Australia Standard Time,(UTC+10:00) Brisbane,(UTC+10:00) Brisbane
Poland,CET,CET,Europe/Paris,NA,NA,NA,1320,Romance Standard Time,"(UTC+01:00) Brussels, Copenhagen, Madrid, Paris","(UTC+01:00) Brussels, Copenhagen, Madrid, Paris"
Portugal,WET,GMT,Europe/London,NA,NA,NA,1200,GMT Standard Time,"(UTC) Dublin, Edinburgh, Lisbon, London","(UTC) Dublin, Edinburgh, Lisbon, London"
ROC,CT,PT,Asia/Manila,NA,NA,NA,2020,Singapore Standard Time,"(UTC+08:00) Kuala Lumpur, Singapore","(UTC+08:00) Kuala Lumpur, Singapore"
ROK,KST,JST,Asia/Tokyo,NA,NA,NA,2110,Tokyo Standard Time,"(UTC+09:00) Osaka, Sapporo, Tokyo","(UTC+09:00) Osaka, Sapporo, Tokyo"
Singapore,+08,PT,Asia/Manila,NA,NA,NA,2020,Singapore Standard Time,"(UTC+08:00) Kuala Lumpur, Singapore","(UTC+08:00) Kuala Lumpur, Singapore"
Turkey,+03,MSK,Europe/Moscow,NA,NA,NA,1540,Russian Standard Time,"(UTC+04:00) Moscow, St. Petersburg, Volgograd","(UTC+04:00) Moscow, St. Petersburg, Volgograd"
UCT,UTC,GMT,Africa/Abidjan,NA,NA,NA,1210,Greenwich Standard Time,"(UTC) Monrovia, Reykjavik","(UTC) Monrovia, Reykjavik"
US/Alaska,AKST,AKST,America/Anchorage,NA,NA,NA,300,Alaskan Standard Time,(UTC-09:00) Alaska,(UTC-09:00) Alaska
US/Arizona,MT,MT,America/Phoenix,NA,NA,NA,520,US Mountain Standard Time,(UTC-07:00) Arizona,(UTC-07:00) Arizona
US/Central,CT,CT,America/Chicago,NA,NA,NA,620,Central Standard Time,(UTC-06:00) Central Time (US and Canada),(UTC-06:00) Central Time (US and Canada)
US/East-Indiana,ET,ET,America/New_York,NA,NA,NA,700,Eastern Standard Time,(UTC-05:00) Eastern Time (US and Canada),(UTC-05:00) Eastern Time (US and Canada)
US/Eastern,ET,ET,America/New_York,NA,NA,NA,700,Eastern Standard Time,(UTC-05:00) Eastern Time (US and Canada),(UTC-05:00) Eastern Time (US and Canada)
US/Hawaii,HST,HST,Pacific/Honolulu,NA,NA,NA,200,Hawaiian Standard Time,(UTC-10:00) Hawaii,(UTC-10:00) Hawaii
US/Indiana-Starke,CT,CT,America/Chicago,NA,NA,NA,620,Central Standard Time,(UTC-06:00) Central Time (US and Canada),(UTC-06:00) Central Time (US and Canada)
US/Michigan,ET,ET,America/New_York,NA,NA,NA,700,Eastern Standard Time,(UTC-05:00) Eastern Time (US and Canada),(UTC-05:00) Eastern Time (US and Canada)
US/Mountain,MT,MT,America/Denver,NA,NA,NA,500,Mountain Standard Time,(UTC-07:00) Mountain Time (US and Canada),(UTC-07:00) Mountain Time (US and Canada)
US/Pacific,PT,PT,America/Los_Angeles,NA,NA,NA,400,Pacific Standard Time,(UTC-08:00) Pacific Time (US and Canada),(UTC-08:00) Pacific Time (US and Canada)
UTC,UTC,GMT,Africa/Abidjan,NA,NA,NA,1210,Greenwich Standard Time,"(UTC) Monrovia, Reykjavik","(UTC) Monrovia, Reykjavik"
Universal,UTC,GMT,Africa/Abidjan,NA,NA,NA,1210,Greenwich Standard Time,"(UTC) Monrovia, Reykjavik","(UTC) Monrovia, Reykjavik"
W-SU,MSK,MSK,Europe/Moscow,NA,NA,NA,1540,Russian Standard Time,"(UTC+04:00) Moscow, St. Petersburg, Volgograd","(UTC+04:00) Moscow, St. Petersburg, Volgograd"
WET,WET,GMT,Europe/London,NA,NA,NA,1200,GMT Standard Time,"(UTC) Dublin, Edinburgh, Lisbon, London","(UTC) Dublin, Edinburgh, Lisbon, London"
Zulu,UTC,GMT,Africa/Abidjan,NA,NA,NA,1210,Greenwich Standard Time,"(UTC) Monrovia, Reykjavik","(UTC) Monrovia, Reykjavik"
